Name,Subset,Class,xtl,ytl,xbr,ybr
014de911-7810-4f7d-8967-3e5402209f4a.jpg,Train,aircraft,2016.4,632.0,2169.34,767.3
014de911-7810-4f7d-8967-3e5402209f4a.jpg,Train,aircraft,1913.5,676.1,2052.9,835.9
014de911-7810-4f7d-8967-3e5402209f4a.jpg,Train,aircraft,1723.6,668.2,1898.43,841.5
014de911-7810-4f7d-8967-3e5402209f4a.jpg,Train,aircraft,1575.2,604.0,1705.2,729.9
014de911-7810-4f7d-8967-3e5402209f4a.jpg,Train,aircraft,1284.1,985.1,1440.5,1145.62
014de911-7810-4f7d-8967-3e5402209f4a.jpg,Train,aircraft,922.0,1317.6,1063.37,1445.0
014de911-7810-4f7d-8967-3e5402209f4a.jpg,Train,aircraft,619.8,1838.3,744.0,1943.0
014de911-7810-4f7d-8967-3e5402209f4a.jpg,Train,aircraft,257.6,1757.1,381.2,1864.5
014de911-7810-4f7d-8967-3e5402209f4a.jpg,Train,aircraft,1859.8,1438.1,1928.5,1517.2
014de911-7810-4f7d-8967-3e5402209f4a.jpg,Train,aircraft,2190.2,1008.4,2337.96,1155.54
014de911-7810-4f7d-8967-3e5402209f4a.jpg,Train,aircraft,1399.6,546.0,1476.81,623.5
014de911-7810-4f7d-8967-3e5402209f4a.jpg,Train,aircraft,1418.5,1469.3,1526.85,1555.89
014de911-7810-4f7d-8967-3e5402209f4a.jpg,Train,aircraft,236.8,1055.0,301.97,1103.6
014de911-7810-4f7d-8967-3e5402209f4a.jpg,Train,aircraft,331.8,952.9,439.87,1037.8
014de911-7810-4f7d-8967-3e5402209f4a.jpg,Train,aircraft,221.7,1171.5,306.45,1251.0
014de911-7810-4f7d-8967-3e5402209f4a.jpg,Train,aircraft,1819.5,312.0,1986.1,483.49
014de911-7810-4f7d-8967-3e5402209f4a.jpg,Train,aircraft,769.9,746.3,849.7,815.9
014de911-7810-4f7d-8967-3e5402209f4a.jpg,Train,aircraft,1281.8,794.6,1372.8,868.6
03f84930-e2be-4c19-9afc-0dc26d02538e.jpg,Train,aircraft,2163.1,2374.4,2299.09,2477.98
03f84930-e2be-4c19-9afc-0dc26d02538e.jpg,Train,aircraft,864.7,1025.5,1002.97,1143.17
03f84930-e2be-4c19-9afc-0dc26d02538e.jpg,Train,aircraft,646.51,1231.3,715.3,1289.74
03f84930-e2be-4c19-9afc-0dc26d02538e.jpg,Train,aircraft,750.5,1339.0,846.76,1444.37
03f84930-e2be-4c19-9afc-0dc26d02538e.jpg,Train,aircraft,1570.9,1608.2,1629.7,1675.66
03f84930-e2be-4c19-9afc-0dc26d02538e.jpg,Train,aircraft,1667.7,1593.9,1728.75,1666.24
03f84930-e2be-4c19-9afc-0dc26d02538e.jpg,Train,aircraft,1878.72,1756.32,1937.5,1822.24
03f84930-e2be-4c19-9afc-0dc26d02538e.jpg,Train,aircraft,2115.9,1886.2,2172.3,1958.7
03f84930-e2be-4c19-9afc-0dc26d02538e.jpg,Train,aircraft,2227.0,1963.0,2286.96,2029.98
03f84930-e2be-4c19-9afc-0dc26d02538e.jpg,Train,aircraft,2331.4,2019.1,2414.11,2081.7
03f84930-e2be-4c19-9afc-0dc26d02538e.jpg,Train,aircraft,2314.6,2141.2,2418.5,2235.9
03f84930-e2be-4c19-9afc-0dc26d02538e.jpg,Train,aircraft,1371.7,1414.2,1432.97,1484.7
03f84930-e2be-4c19-9afc-0dc26d02538e.jpg,Train,aircraft,1193.1,1342.1,1252.12,1407.08
03f84930-e2be-4c19-9afc-0dc26d02538e.jpg,Train,aircraft,1023.0,1260.3,1084.86,1334.4
03f84930-e2be-4c19-9afc-0dc26d02538e.jpg,Train,aircraft,1715.0,979.2,1810.4,1092.1
03f84930-e2be-4c19-9afc-0dc26d02538e.jpg,Train,aircraft,2079.6,1188.1,2137.85,1245.7
03f84930-e2be-4c19-9afc-0dc26d02538e.jpg,Train,aircraft,2059.3,1644.3,2126.83,1702.1
03f84930-e2be-4c19-9afc-0dc26d02538e.jpg,Train,aircraft,1465.5,1460.6,1564.21,1588.32
03f84930-e2be-4c19-9afc-0dc26d02538e.jpg,Train,aircraft,862.0,1449.3,975.4,1550.34
0641acc3-c0b9-4f9d-b0ba-7ad18aa08864.jpg,Train,aircraft,623.2,1734.2,751.3,1840.44
0641acc3-c0b9-4f9d-b0ba-7ad18aa08864.jpg,Train,aircraft,854.7,1887.3,919.63,1944.1
0641acc3-c0b9-4f9d-b0ba-7ad18aa08864.jpg,Train,aircraft,995.5,1976.0,1062.24,2033.8
0641acc3-c0b9-4f9d-b0ba-7ad18aa08864.jpg,Train,aircraft,1618.4,2345.9,1748.99,2454.27
0641acc3-c0b9-4f9d-b0ba-7ad18aa08864.jpg,Train,aircraft,1860.6,1268.0,1992.0,1402.72
0641acc3-c0b9-4f9d-b0ba-7ad18aa08864.jpg,Train,aircraft,178.5,219.1,233.75,290.82
0641acc3-c0b9-4f9d-b0ba-7ad18aa08864.jpg,Train,aircraft,1220.3,831.5,1261.7,873.56
0641acc3-c0b9-4f9d-b0ba-7ad18aa08864.jpg,Train,aircraft,1266.4,865.1,1312.88,917.84
0641acc3-c0b9-4f9d-b0ba-7ad18aa08864.jpg,Train,aircraft,1229.7,936.7,1277.1,992.88
0641acc3-c0b9-4f9d-b0ba-7ad18aa08864.jpg,Train,aircraft,1275.2,924.7,1313.82,974.99
0641acc3-c0b9-4f9d-b0ba-7ad18aa08864.jpg,Train,aircraft,1696.2,504.7,1764.03,561.1
0641acc3-c0b9-4f9d-b0ba-7ad18aa08864.jpg,Train,aircraft,1795.4,750.2,1867.38,808.58
0641acc3-c0b9-4f9d-b0ba-7ad18aa08864.jpg,Train,aircraft,1750.9,822.0,1821.54,877.8
0641acc3-c0b9-4f9d-b0ba-7ad18aa08864.jpg,Train,aircraft,407.8,360.2,462.4,432.38
0641acc3-c0b9-4f9d-b0ba-7ad18aa08864.jpg,Train,aircraft,1017.5,697.3,1052.89,744.4
0641acc3-c0b9-4f9d-b0ba-7ad18aa08864.jpg,Train,aircraft,984.7,747.4,1021.99,794.48
0641acc3-c0b9-4f9d-b0ba-7ad18aa08864.jpg,Train,aircraft,783.8,642.6,830.54,697.27
0641acc3-c0b9-4f9d-b0ba-7ad18aa08864.jpg,Train,aircraft,839.96,599.3,864.08,632.46
0641acc3-c0b9-4f9d-b0ba-7ad18aa08864.jpg,Train,aircraft,744.7,558.6,792.14,613.99
0641acc3-c0b9-4f9d-b0ba-7ad18aa08864.jpg,Train,aircraft,687.8,574.43,734.87,632.5
0641acc3-c0b9-4f9d-b0ba-7ad18aa08864.jpg,Train,aircraft,619.6,501.3,676.81,574.05
0641acc3-c0b9-4f9d-b0ba-7ad18aa08864.jpg,Train,aircraft,344.9,740.2,416.1,798.25
0641acc3-c0b9-4f9d-b0ba-7ad18aa08864.jpg,Train,aircraft,1156.6,1660.2,1287.3,1768.31
135fdc4c-6656-4176-9873-9f00c6918293.jpg,Train,aircraft,456.1,724.3,519.73,789.2
135fdc4c-6656-4176-9873-9f00c6918293.jpg,Train,aircraft,572.8,693.4,637.75,784.5
135fdc4c-6656-4176-9873-9f00c6918293.jpg,Train,aircraft,1028.7,283.0,1128.18,383.74
135fdc4c-6656-4176-9873-9f00c6918293.jpg,Train,aircraft,617.7,104.1,686.7,200.1
135fdc4c-6656-4176-9873-9f00c6918293.jpg,Train,aircraft,1930.8,1541.4,2004.5,1614.21
135fdc4c-6656-4176-9873-9f00c6918293.jpg,Train,aircraft,1264.3,1655.0,1333.68,1729.84
135fdc4c-6656-4176-9873-9f00c6918293.jpg,Train,aircraft,604.7,942.0,668.24,1030.9
135fdc4c-6656-4176-9873-9f00c6918293.jpg,Train,aircraft,750.5,1094.5,818.3,1160.1
135fdc4c-6656-4176-9873-9f00c6918293.jpg,Train,aircraft,567.8,1152.7,642.84,1250.41
135fdc4c-6656-4176-9873-9f00c6918293.jpg,Train,aircraft,662.5,1913.1,733.9,1978.83
135fdc4c-6656-4176-9873-9f00c6918293.jpg,Train,aircraft,762.0,1805.7,843.4,1880.0
135fdc4c-6656-4176-9873-9f00c6918293.jpg,Train,aircraft,1275.1,1398.2,1348.63,1471.51
135fdc4c-6656-4176-9873-9f00c6918293.jpg,Train,aircraft,1136.5,1553.3,1206.71,1622.67
135fdc4c-6656-4176-9873-9f00c6918293.jpg,Train,aircraft,1753.0,1832.3,1822.72,1896.0
135fdc4c-6656-4176-9873-9f00c6918293.jpg,Train,aircraft,1876.76,2096.44,1943.42,2157.9
135fdc4c-6656-4176-9873-9f00c6918293.jpg,Train,aircraft,1936.4,2179.1,2004.91,2244.55
135fdc4c-6656-4176-9873-9f00c6918293.jpg,Train,aircraft,2037.1,2197.7,2108.53,2270.45
135fdc4c-6656-4176-9873-9f00c6918293.jpg,Train,aircraft,2120.8,2123.7,2187.56,2190.38
135fdc4c-6656-4176-9873-9f00c6918293.jpg,Train,aircraft,1979.0,1620.7,2052.04,1690.96
135fdc4c-6656-4176-9873-9f00c6918293.jpg,Train,aircraft,2023.5,1699.2,2095.65,1761.18
135fdc4c-6656-4176-9873-9f00c6918293.jpg,Train,aircraft,2060.5,1771.9,2133.37,1842.29
135fdc4c-6656-4176-9873-9f00c6918293.jpg,Train,aircraft,2096.5,1848.0,2168.7,1918.18
135fdc4c-6656-4176-9873-9f00c6918293.jpg,Train,aircraft,2144.7,1943.5,2215.8,2016.52
140d04fd-dea7-4d46-bce2-e20f73e155da.jpg,Train,aircraft,1197.4,1125.9,1337.98,1243.86
140d04fd-dea7-4d46-bce2-e20f73e155da.jpg,Train,aircraft,1275.4,1256.2,1413.1,1376.75
140d04fd-dea7-4d46-bce2-e20f73e155da.jpg,Train,aircraft,1124.8,1000.0,1265.05,1119.28
140d04fd-dea7-4d46-bce2-e20f73e155da.jpg,Train,aircraft,1375.8,385.38,1491.21,533.22
140d04fd-dea7-4d46-bce2-e20f73e155da.jpg,Train,aircraft,1244.4,475.7,1354.9,601.5
140d04fd-dea7-4d46-bce2-e20f73e155da.jpg,Train,aircraft,1103.4,545.6,1221.5,679.9
140d04fd-dea7-4d46-bce2-e20f73e155da.jpg,Train,aircraft,973.0,641.3,1084.1,757.15
140d04fd-dea7-4d46-bce2-e20f73e155da.jpg,Train,aircraft,837.4,720.0,952.7,835.77
140d04fd-dea7-4d46-bce2-e20f73e155da.jpg,Train,aircraft,678.4,801.2,788.77,926.1
140d04fd-dea7-4d46-bce2-e20f73e155da.jpg,Train,aircraft,555.1,873.1,665.45,1016.42
140d04fd-dea7-4d46-bce2-e20f73e155da.jpg,Train,aircraft,424.2,951.0,539.42,1085.66
140d04fd-dea7-4d46-bce2-e20f73e155da.jpg,Train,aircraft,448.6,760.6,591.3,880.66
140d04fd-dea7-4d46-bce2-e20f73e155da.jpg,Train,aircraft,1301.2,94.7,1412.1,220.01
140d04fd-dea7-4d46-bce2-e20f73e155da.jpg,Train,aircraft,1056.5,233.1,1166.91,361.09
140d04fd-dea7-4d46-bce2-e20f73e155da.jpg,Train,aircraft,929.8,303.4,1043.81,431.85
140d04fd-dea7-4d46-bce2-e20f73e155da.jpg,Train,aircraft,1655.9,1550.0,1780.79,1698.3
140d04fd-dea7-4d46-bce2-e20f73e155da.jpg,Train,aircraft,1433.1,1545.9,1578.0,1656.37
140d04fd-dea7-4d46-bce2-e20f73e155da.jpg,Train,aircraft,1360.7,1407.8,1503.85,1540.3
140d04fd-dea7-4d46-bce2-e20f73e155da.jpg,Train,aircraft,1798.2,2272.1,1941.49,2394.91
140d04fd-dea7-4d46-bce2-e20f73e155da.jpg,Train,aircraft,1884.17,1114.7,1960.97,1180.8
140d04fd-dea7-4d46-bce2-e20f73e155da.jpg,Train,aircraft,1733.3,2134.2,1844.7,2252.7
140d04fd-dea7-4d46-bce2-e20f73e155da.jpg,Train,aircraft,1682.4,1948.19,1807.9,2063.13
140d04fd-dea7-4d46-bce2-e20f73e155da.jpg,Train,aircraft,1584.0,1781.8,1726.77,1905.0
140d04fd-dea7-4d46-bce2-e20f73e155da.jpg,Train,aircraft,1724.8,1214.3,1808.16,1279.27
140d04fd-dea7-4d46-bce2-e20f73e155da.jpg,Train,aircraft,2111.4,1468.13,2251.59,1590.73
140d04fd-dea7-4d46-bce2-e20f73e155da.jpg,Train,aircraft,2378.6,1981.5,2465.41,2090.4
140d04fd-dea7-4d46-bce2-e20f73e155da.jpg,Train,aircraft,2222.4,2041.9,2333.94,2174.16
1e7e0450-6eb3-479e-88c2-990abc8207fa.jpg,Train,aircraft,2252.8,1378.2,2316.92,1433.63
1e7e0450-6eb3-479e-88c2-990abc8207fa.jpg,Train,aircraft,759.2,1652.6,853.89,1748.37
1e7e0450-6eb3-479e-88c2-990abc8207fa.jpg,Train,aircraft,1046.9,1600.5,1087.11,1666.22
1e7e0450-6eb3-479e-88c2-990abc8207fa.jpg,Train,aircraft,1440.18,1436.0,1496.14,1503.6
1e7e0450-6eb3-479e-88c2-990abc8207fa.jpg,Train,aircraft,640.6,1314.0,699.24,1382.4
1e7e0450-6eb3-479e-88c2-990abc8207fa.jpg,Train,aircraft,725.1,1231.6,792.1,1286.91
1e7e0450-6eb3-479e-88c2-990abc8207fa.jpg,Train,aircraft,892.0,1163.5,960.86,1220.14
1e7e0450-6eb3-479e-88c2-990abc8207fa.jpg,Train,aircraft,1111.8,1075.9,1185.03,1131.88
1e7e0450-6eb3-479e-88c2-990abc8207fa.jpg,Train,aircraft,1251.5,1020.3,1315.74,1077.0
1e7e0450-6eb3-479e-88c2-990abc8207fa.jpg,Train,aircraft,1440.1,944.4,1508.43,1001.5
1e7e0450-6eb3-479e-88c2-990abc8207fa.jpg,Train,aircraft,1607.96,878.0,1677.08,931.68
1e7e0450-6eb3-479e-88c2-990abc8207fa.jpg,Train,aircraft,1881.4,713.79,1938.5,787.78
1e7e0450-6eb3-479e-88c2-990abc8207fa.jpg,Train,aircraft,1748.3,1759.64,1803.9,1816.22
1e7e0450-6eb3-479e-88c2-990abc8207fa.jpg,Train,aircraft,1783.3,1688.2,1842.24,1755.2
1e7e0450-6eb3-479e-88c2-990abc8207fa.jpg,Train,aircraft,1850.8,1643.3,1907.19,1710.6
1e7e0450-6eb3-479e-88c2-990abc8207fa.jpg,Train,aircraft,1919.45,1632.3,1979.97,1700.42
1e7e0450-6eb3-479e-88c2-990abc8207fa.jpg,Train,aircraft,1974.72,1374.5,2045.93,1429.28
1e7e0450-6eb3-479e-88c2-990abc8207fa.jpg,Train,aircraft,1947.6,1306.95,2015.68,1364.85
1e7e0450-6eb3-479e-88c2-990abc8207fa.jpg,Train,aircraft,2226.5,1306.0,2289.97,1362.77
1e7e0450-6eb3-479e-88c2-990abc8207fa.jpg,Train,aircraft,2032.16,1515.0,2100.81,1571.16
20bfce20-fb8a-4e20-a4aa-57064add848b.jpg,Train,aircraft,970.8,257.0,1050.37,326.1
20bfce20-fb8a-4e20-a4aa-57064add848b.jpg,Train,aircraft,1136.9,1510.4,1224.01,1587.0
20bfce20-fb8a-4e20-a4aa-57064add848b.jpg,Train,aircraft,1404.5,231.4,1482.28,299.0
20bfce20-fb8a-4e20-a4aa-57064add848b.jpg,Train,aircraft,1138.0,1407.9,1225.59,1488.1
20bfce20-fb8a-4e20-a4aa-57064add848b.jpg,Train,aircraft,1153.8,1880.2,1241.78,1952.99
20bfce20-fb8a-4e20-a4aa-57064add848b.jpg,Train,aircraft,1257.6,1045.5,1326.3,1126.3
20bfce20-fb8a-4e20-a4aa-57064add848b.jpg,Train,aircraft,1195.6,1172.1,1285.76,1249.52
20bfce20-fb8a-4e20-a4aa-57064add848b.jpg,Train,aircraft,1178.3,1592.8,1306.35,1727.26
20bfce20-fb8a-4e20-a4aa-57064add848b.jpg,Train,aircraft,805.0,2398.6,935.48,2526.44
20bfce20-fb8a-4e20-a4aa-57064add848b.jpg,Train,aircraft,981.5,2184.7,1108.9,2307.16
20bfce20-fb8a-4e20-a4aa-57064add848b.jpg,Train,aircraft,1362.5,2149.7,1504.43,2285.38
20bfce20-fb8a-4e20-a4aa-57064add848b.jpg,Train,aircraft,1118.6,457.7,1196.6,527.5
20bfce20-fb8a-4e20-a4aa-57064add848b.jpg,Train,aircraft,1051.8,371.0,1129.5,435.8
27cd32ba-c86a-419f-b544-601dd67c5d36.jpg,Train,aircraft,2188.1,782.5,2249.88,861.81
27cd32ba-c86a-419f-b544-601dd67c5d36.jpg,Train,aircraft,1852.6,2304.2,1926.26,2369.14
27cd32ba-c86a-419f-b544-601dd67c5d36.jpg,Train,aircraft,1503.9,1673.1,1643.6,1782.2
27cd32ba-c86a-419f-b544-601dd67c5d36.jpg,Train,aircraft,1430.4,1552.8,1575.54,1660.05
27cd32ba-c86a-419f-b544-601dd67c5d36.jpg,Train,aircraft,2222.5,2049.6,2331.09,2177.35
27cd32ba-c86a-419f-b544-601dd67c5d36.jpg,Train,aircraft,2366.8,1725.3,2482.31,1861.74
27cd32ba-c86a-419f-b544-601dd67c5d36.jpg,Train,aircraft,2377.7,1986.2,2462.93,2095.47
27cd32ba-c86a-419f-b544-601dd67c5d36.jpg,Train,aircraft,2108.4,1477.2,2249.2,1595.15
27cd32ba-c86a-419f-b544-601dd67c5d36.jpg,Train,aircraft,2002.2,1745.8,2116.43,1849.38
27cd32ba-c86a-419f-b544-601dd67c5d36.jpg,Train,aircraft,1909.8,1616.0,2036.51,1723.0
27cd32ba-c86a-419f-b544-601dd67c5d36.jpg,Train,aircraft,1612.5,1402.73,1719.73,1524.75
27cd32ba-c86a-419f-b544-601dd67c5d36.jpg,Train,aircraft,1269.69,1261.4,1409.02,1382.3
27cd32ba-c86a-419f-b544-601dd67c5d36.jpg,Train,aircraft,1195.0,1136.0,1335.62,1249.62
27cd32ba-c86a-419f-b544-601dd67c5d36.jpg,Train,aircraft,1529.0,1048.2,1683.76,1177.44
27cd32ba-c86a-419f-b544-601dd67c5d36.jpg,Train,aircraft,1723.4,2144.48,1848.88,2258.29
27cd32ba-c86a-419f-b544-601dd67c5d36.jpg,Train,aircraft,1591.4,1799.8,1702.5,1908.0
27cd32ba-c86a-419f-b544-601dd67c5d36.jpg,Train,aircraft,1218.2,316.2,1375.01,450.11
27cd32ba-c86a-419f-b544-601dd67c5d36.jpg,Train,aircraft,822.9,124.9,929.45,211.49
27cd32ba-c86a-419f-b544-601dd67c5d36.jpg,Train,aircraft,1178.3,171.5,1285.35,289.92
27cd32ba-c86a-419f-b544-601dd67c5d36.jpg,Train,aircraft,1108.0,548.1,1218.45,692.95
27cd32ba-c86a-419f-b544-601dd67c5d36.jpg,Train,aircraft,1232.6,464.47,1348.24,618.11
34ae857d-6e71-46b9-b694-d9e40fb093bc.jpg,Train,aircraft,2031.0,1852.6,2131.02,1952.2
34ae857d-6e71-46b9-b694-d9e40fb093bc.jpg,Train,aircraft,1910.1,1835.33,2007.4,1953.2
34ae857d-6e71-46b9-b694-d9e40fb093bc.jpg,Train,aircraft,1790.1,1839.2,1890.52,1949.58
34ae857d-6e71-46b9-b694-d9e40fb093bc.jpg,Train,aircraft,2070.9,1101.2,2174.8,1207.7
34ae857d-6e71-46b9-b694-d9e40fb093bc.jpg,Train,aircraft,237.1,788.1,452.58,968.51
34ae857d-6e71-46b9-b694-d9e40fb093bc.jpg,Train,aircraft,286.5,562.3,487.17,738.09
34ae857d-6e71-46b9-b694-d9e40fb093bc.jpg,Train,aircraft,2297.9,2009.6,2387.22,2114.18
34ae857d-6e71-46b9-b694-d9e40fb093bc.jpg,Train,aircraft,1756.04,2415.1,1851.2,2529.3
34ae857d-6e71-46b9-b694-d9e40fb093bc.jpg,Train,aircraft,1302.7,860.8,1474.02,1001.31
34ae857d-6e71-46b9-b694-d9e40fb093bc.jpg,Train,aircraft,1495.3,2422.0,1584.51,2520.25
34ae857d-6e71-46b9-b694-d9e40fb093bc.jpg,Train,aircraft,1405.4,648.3,1573.96,787.61
34ae857d-6e71-46b9-b694-d9e40fb093bc.jpg,Train,aircraft,1657.8,568.1,1811.5,736.68
34ae857d-6e71-46b9-b694-d9e40fb093bc.jpg,Train,aircraft,1076.5,345.4,1217.7,488.2
34ae857d-6e71-46b9-b694-d9e40fb093bc.jpg,Train,aircraft,918.4,512.6,1074.26,656.05
34ae857d-6e71-46b9-b694-d9e40fb093bc.jpg,Train,aircraft,804.9,664.7,973.97,822.45
34ae857d-6e71-46b9-b694-d9e40fb093bc.jpg,Train,aircraft,727.6,858.9,878.94,1003.12
34ae857d-6e71-46b9-b694-d9e40fb093bc.jpg,Train,aircraft,666.3,1047.8,807.95,1190.17
34ae857d-6e71-46b9-b694-d9e40fb093bc.jpg,Train,aircraft,543.1,1196.2,704.28,1338.16
34ae857d-6e71-46b9-b694-d9e40fb093bc.jpg,Train,aircraft,1178.5,1033.4,1333.96,1173.9
34ae857d-6e71-46b9-b694-d9e40fb093bc.jpg,Train,aircraft,19.7,343.73,186.88,518.44
34ae857d-6e71-46b9-b694-d9e40fb093bc.jpg,Train,aircraft,1065.0,1202.8,1202.9,1313.26
34ae857d-6e71-46b9-b694-d9e40fb093bc.jpg,Train,aircraft,838.0,1444.6,1005.66,1579.86
34ae857d-6e71-46b9-b694-d9e40fb093bc.jpg,Train,aircraft,868.2,1721.2,1033.14,1896.98
34ae857d-6e71-46b9-b694-d9e40fb093bc.jpg,Train,aircraft,1174.5,1742.9,1345.23,1914.9
34ae857d-6e71-46b9-b694-d9e40fb093bc.jpg,Train,aircraft,1418.2,1561.4,1557.65,1715.6
34ae857d-6e71-46b9-b694-d9e40fb093bc.jpg,Train,aircraft,1891.2,1259.9,2080.09,1425.45
34ae857d-6e71-46b9-b694-d9e40fb093bc.jpg,Train,aircraft,1592.8,1447.3,1760.95,1618.67
34ae857d-6e71-46b9-b694-d9e40fb093bc.jpg,Train,aircraft,2278.0,868.9,2415.44,1018.53
34ae857d-6e71-46b9-b694-d9e40fb093bc.jpg,Train,aircraft,1710.7,1079.0,1809.68,1187.18
34ae857d-6e71-46b9-b694-d9e40fb093bc.jpg,Train,aircraft,856.9,2120.07,999.44,2268.83
34ae857d-6e71-46b9-b694-d9e40fb093bc.jpg,Train,aircraft,1166.9,2113.1,1298.52,2264.94
38ff8d64-3460-4f83-bf9c-383832aeba0d.jpg,Train,aircraft,2015.3,2039.5,2095.43,2103.04
38ff8d64-3460-4f83-bf9c-383832aeba0d.jpg,Train,aircraft,2285.9,50.2,2346.68,120.93
38ff8d64-3460-4f83-bf9c-383832aeba0d.jpg,Train,aircraft,2355.37,69.9,2419.01,137.94
38ff8d64-3460-4f83-bf9c-383832aeba0d.jpg,Train,aircraft,2430.8,86.8,2491.53,157.0
38ff8d64-3460-4f83-bf9c-383832aeba0d.jpg,Train,aircraft,2156.73,286.5,2219.98,364.7
38ff8d64-3460-4f83-bf9c-383832aeba0d.jpg,Train,aircraft,2254.54,322.8,2320.84,392.55
38ff8d64-3460-4f83-bf9c-383832aeba0d.jpg,Train,aircraft,2363.2,345.4,2426.26,414.72
38ff8d64-3460-4f83-bf9c-383832aeba0d.jpg,Train,aircraft,2306.8,621.4,2369.75,692.78
38ff8d64-3460-4f83-bf9c-383832aeba0d.jpg,Train,aircraft,1889.3,888.9,1947.75,963.24
38ff8d64-3460-4f83-bf9c-383832aeba0d.jpg,Train,aircraft,1962.1,930.6,2021.83,1000.28
38ff8d64-3460-4f83-bf9c-383832aeba0d.jpg,Train,aircraft,1780.5,1214.0,1836.83,1281.64
38ff8d64-3460-4f83-bf9c-383832aeba0d.jpg,Train,aircraft,1762.1,1711.7,1861.28,1800.73
38ff8d64-3460-4f83-bf9c-383832aeba0d.jpg,Train,aircraft,1727.0,1623.5,1786.61,1675.87
38ff8d64-3460-4f83-bf9c-383832aeba0d.jpg,Train,aircraft,1708.0,2129.3,1811.6,2218.85
38ff8d64-3460-4f83-bf9c-383832aeba0d.jpg,Train,aircraft,1749.0,2313.0,1849.81,2429.79
38ff8d64-3460-4f83-bf9c-383832aeba0d.jpg,Train,aircraft,1617.3,2016.5,1719.38,2109.14
38ff8d64-3460-4f83-bf9c-383832aeba0d.jpg,Train,aircraft,1551.5,1939.4,1615.7,1993.23
38ff8d64-3460-4f83-bf9c-383832aeba0d.jpg,Train,aircraft,1490.0,1805.0,1546.65,1883.64
38ff8d64-3460-4f83-bf9c-383832aeba0d.jpg,Train,aircraft,306.4,88.9,375.3,152.78
38ff8d64-3460-4f83-bf9c-383832aeba0d.jpg,Train,aircraft,413.6,152.3,471.03,214.34
38ff8d64-3460-4f83-bf9c-383832aeba0d.jpg,Train,aircraft,495.6,170.0,556.61,236.51
38ff8d64-3460-4f83-bf9c-383832aeba0d.jpg,Train,aircraft,566.5,186.2,628.84,261.29
38ff8d64-3460-4f83-bf9c-383832aeba0d.jpg,Train,aircraft,338.8,586.54,402.37,661.98
38ff8d64-3460-4f83-bf9c-383832aeba0d.jpg,Train,aircraft,479.6,593.0,542.6,665.73
38ff8d64-3460-4f83-bf9c-383832aeba0d.jpg,Train,aircraft,394.3,909.97,457.68,985.88
3da0b873-fdde-4faf-9a85-021248c7dacf.jpg,Train,aircraft,1161.3,2115.2,1291.47,2263.24
3da0b873-fdde-4faf-9a85-021248c7dacf.jpg,Train,aircraft,1530.7,482.4,1676.73,622.4
3da0b873-fdde-4faf-9a85-021248c7dacf.jpg,Train,aircraft,1168.8,1037.3,1342.47,1188.7
3da0b873-fdde-4faf-9a85-021248c7dacf.jpg,Train,aircraft,1052.0,1197.9,1211.03,1341.3
3da0b873-fdde-4faf-9a85-021248c7dacf.jpg,Train,aircraft,1227.3,1400.2,1367.89,1557.09
3da0b873-fdde-4faf-9a85-021248c7dacf.jpg,Train,aircraft,1021.1,1375.5,1117.37,1459.3
3da0b873-fdde-4faf-9a85-021248c7dacf.jpg,Train,aircraft,1709.1,1086.1,1803.61,1190.34
3da0b873-fdde-4faf-9a85-021248c7dacf.jpg,Train,aircraft,2227.3,1489.3,2392.24,1657.58
3da0b873-fdde-4faf-9a85-021248c7dacf.jpg,Train,aircraft,1054.3,345.7,1205.73,483.61
3da0b873-fdde-4faf-9a85-021248c7dacf.jpg,Train,aircraft,791.4,74.9,964.44,238.08
3da0b873-fdde-4faf-9a85-021248c7dacf.jpg,Train,aircraft,583.7,473.4,769.0,635.67
3da0b873-fdde-4faf-9a85-021248c7dacf.jpg,Train,aircraft,913.2,515.0,1072.3,657.0
3da0b873-fdde-4faf-9a85-021248c7dacf.jpg,Train,aircraft,807.4,686.7,967.59,822.85
3da0b873-fdde-4faf-9a85-021248c7dacf.jpg,Train,aircraft,733.6,865.4,879.74,1008.13
3da0b873-fdde-4faf-9a85-021248c7dacf.jpg,Train,aircraft,645.7,1049.0,800.8,1196.33
3da0b873-fdde-4faf-9a85-021248c7dacf.jpg,Train,aircraft,550.8,1213.1,700.49,1344.27
3da0b873-fdde-4faf-9a85-021248c7dacf.jpg,Train,aircraft,240.0,335.9,403.88,522.49
3da0b873-fdde-4faf-9a85-021248c7dacf.jpg,Train,aircraft,9.6,358.1,176.71,530.1
3da0b873-fdde-4faf-9a85-021248c7dacf.jpg,Train,aircraft,1418.6,1568.3,1553.86,1710.76
3da0b873-fdde-4faf-9a85-021248c7dacf.jpg,Train,aircraft,1356.4,1733.3,1445.23,1827.95
3da0b873-fdde-4faf-9a85-021248c7dacf.jpg,Train,aircraft,1166.7,1757.6,1328.95,1913.59
3da0b873-fdde-4faf-9a85-021248c7dacf.jpg,Train,aircraft,864.69,1725.2,1026.5,1898.26
3da0b873-fdde-4faf-9a85-021248c7dacf.jpg,Train,aircraft,749.0,2091.0,817.37,2190.36
3da0b873-fdde-4faf-9a85-021248c7dacf.jpg,Train,aircraft,1026.07,2141.6,1122.14,2245.1
3da0b873-fdde-4faf-9a85-021248c7dacf.jpg,Train,aircraft,1331.8,2228.1,1421.48,2315.25
3da0b873-fdde-4faf-9a85-021248c7dacf.jpg,Train,aircraft,2072.9,604.4,2272.51,781.85
3e321b8a-9504-45aa-82b4-16158e28e290.jpg,Train,aircraft,223.2,1195.2,340.54,1323.62
3e321b8a-9504-45aa-82b4-16158e28e290.jpg,Train,aircraft,668.6,855.4,743.9,950.95
3e321b8a-9504-45aa-82b4-16158e28e290.jpg,Train,aircraft,553.7,803.4,633.23,908.29
3e321b8a-9504-45aa-82b4-16158e28e290.jpg,Train,aircraft,429.42,741.5,530.46,822.29
3e321b8a-9504-45aa-82b4-16158e28e290.jpg,Train,aircraft,324.6,451.7,390.52,540.22
3e321b8a-9504-45aa-82b4-16158e28e290.jpg,Train,aircraft,558.1,501.0,680.25,645.71
3e321b8a-9504-45aa-82b4-16158e28e290.jpg,Train,aircraft,858.07,631.9,934.8,741.1
3e321b8a-9504-45aa-82b4-16158e28e290.jpg,Train,aircraft,979.33,682.2,1096.97,812.36
3e321b8a-9504-45aa-82b4-16158e28e290.jpg,Train,aircraft,775.4,1454.6,844.04,1521.59
3e321b8a-9504-45aa-82b4-16158e28e290.jpg,Train,aircraft,488.8,1324.9,613.19,1472.45
3e321b8a-9504-45aa-82b4-16158e28e290.jpg,Train,aircraft,626.95,1412.47,741.62,1540.12
3e321b8a-9504-45aa-82b4-16158e28e290.jpg,Train,aircraft,885.4,384.5,935.73,424.54
3e321b8a-9504-45aa-82b4-16158e28e290.jpg,Train,aircraft,977.9,255.2,1130.98,376.94
3e321b8a-9504-45aa-82b4-16158e28e290.jpg,Train,aircraft,2282.8,355.95,2416.85,486.63
3e321b8a-9504-45aa-82b4-16158e28e290.jpg,Train,aircraft,82.0,1121.8,202.89,1264.2
3e321b8a-9504-45aa-82b4-16158e28e290.jpg,Train,aircraft,2279.9,1760.9,2351.69,1840.07
3e321b8a-9504-45aa-82b4-16158e28e290.jpg,Train,aircraft,2184.5,1732.7,2257.51,1809.67
3e321b8a-9504-45aa-82b4-16158e28e290.jpg,Train,aircraft,2362.71,1590.4,2445.42,1664.44
3e321b8a-9504-45aa-82b4-16158e28e290.jpg,Train,aircraft,2361.82,1490.95,2443.03,1566.2
3e321b8a-9504-45aa-82b4-16158e28e290.jpg,Train,aircraft,1030.7,2320.2,1155.02,2438.36
3e321b8a-9504-45aa-82b4-16158e28e290.jpg,Train,aircraft,349.4,1595.7,456.85,1705.73
3e321b8a-9504-45aa-82b4-16158e28e290.jpg,Train,aircraft,201.4,1512.7,314.3,1624.85
3e321b8a-9504-45aa-82b4-16158e28e290.jpg,Train,aircraft,53.6,1643.2,131.23,1709.4
3e321b8a-9504-45aa-82b4-16158e28e290.jpg,Train,aircraft,2211.1,1875.9,2283.03,1942.36
3e321b8a-9504-45aa-82b4-16158e28e290.jpg,Train,aircraft,2407.47,1736.8,2481.3,1803.57
42f35cf8-66ca-400b-8381-dacc6483bb56.jpg,Train,aircraft,2057.1,1186.78,2124.05,1243.51
42f35cf8-66ca-400b-8381-dacc6483bb56.jpg,Train,aircraft,2121.57,1052.16,2178.8,1107.15
42f35cf8-66ca-400b-8381-dacc6483bb56.jpg,Train,aircraft,1687.1,2083.3,1745.59,2138.2
42f35cf8-66ca-400b-8381-dacc6483bb56.jpg,Train,aircraft,1741.0,1944.3,1805.5,2000.9
42f35cf8-66ca-400b-8381-dacc6483bb56.jpg,Train,aircraft,1973.9,1387.9,2036.27,1443.87
42f35cf8-66ca-400b-8381-dacc6483bb56.jpg,Train,aircraft,1924.0,1522.8,1982.26,1577.4
42f35cf8-66ca-400b-8381-dacc6483bb56.jpg,Train,aircraft,1832.2,1724.1,1895.53,1779.04
42f35cf8-66ca-400b-8381-dacc6483bb56.jpg,Train,aircraft,1859.4,1656.62,1925.09,1711.56
42f35cf8-66ca-400b-8381-dacc6483bb56.jpg,Train,aircraft,1070.5,393.3,1123.59,459.58
42f35cf8-66ca-400b-8381-dacc6483bb56.jpg,Train,aircraft,592.1,987.1,694.34,1109.8
42f35cf8-66ca-400b-8381-dacc6483bb56.jpg,Train,aircraft,2030.26,1253.7,2095.6,1309.15
42f35cf8-66ca-400b-8381-dacc6483bb56.jpg,Train,aircraft,2087.9,1119.59,2152.92,1175.6
42f35cf8-66ca-400b-8381-dacc6483bb56.jpg,Train,aircraft,721.0,1052.1,814.53,1145.13
42f35cf8-66ca-400b-8381-dacc6483bb56.jpg,Train,aircraft,2192.1,46.2,2294.83,141.5
42f35cf8-66ca-400b-8381-dacc6483bb56.jpg,Train,aircraft,802.6,712.8,901.43,823.62
42f35cf8-66ca-400b-8381-dacc6483bb56.jpg,Train,aircraft,1946.6,1694.54,2002.72,1758.74
42f35cf8-66ca-400b-8381-dacc6483bb56.jpg,Train,aircraft,938.5,774.6,994.0,839.4
42f35cf8-66ca-400b-8381-dacc6483bb56.jpg,Train,aircraft,1039.1,834.4,1126.58,921.3
42f35cf8-66ca-400b-8381-dacc6483bb56.jpg,Train,aircraft,1206.2,465.4,1299.7,558.5
42f35cf8-66ca-400b-8381-dacc6483bb56.jpg,Train,aircraft,1136.4,425.7,1193.1,486.3
48ef8e15-a43c-406b-9d3c-e815164b96d1.jpg,Train,aircraft,2057.9,1184.4,2125.33,1242.27
48ef8e15-a43c-406b-9d3c-e815164b96d1.jpg,Train,aircraft,2026.24,1252.81,2096.11,1309.42
48ef8e15-a43c-406b-9d3c-e815164b96d1.jpg,Train,aircraft,1889.7,1590.42,1954.5,1646.0
48ef8e15-a43c-406b-9d3c-e815164b96d1.jpg,Train,aircraft,1811.1,1791.8,1867.4,1849.52
48ef8e15-a43c-406b-9d3c-e815164b96d1.jpg,Train,aircraft,1762.1,1879.6,1828.7,1936.95
48ef8e15-a43c-406b-9d3c-e815164b96d1.jpg,Train,aircraft,831.4,1093.9,932.22,1217.0
48ef8e15-a43c-406b-9d3c-e815164b96d1.jpg,Train,aircraft,1737.3,1947.7,1792.27,2002.12
48ef8e15-a43c-406b-9d3c-e815164b96d1.jpg,Train,aircraft,1831.4,350.5,1936.14,444.6
48ef8e15-a43c-406b-9d3c-e815164b96d1.jpg,Train,aircraft,1202.8,457.8,1300.21,567.6
48ef8e15-a43c-406b-9d3c-e815164b96d1.jpg,Train,aircraft,1061.9,397.4,1189.82,522.45
48ef8e15-a43c-406b-9d3c-e815164b96d1.jpg,Train,aircraft,936.1,363.0,1028.93,460.82
48ef8e15-a43c-406b-9d3c-e815164b96d1.jpg,Train,aircraft,788.8,716.4,891.25,826.6
48ef8e15-a43c-406b-9d3c-e815164b96d1.jpg,Train,aircraft,906.5,767.2,1002.03,868.7
48ef8e15-a43c-406b-9d3c-e815164b96d1.jpg,Train,aircraft,2202.5,839.7,2310.45,965.7
48ef8e15-a43c-406b-9d3c-e815164b96d1.jpg,Train,aircraft,1992.9,759.9,2047.64,814.8
48ef8e15-a43c-406b-9d3c-e815164b96d1.jpg,Train,aircraft,2083.7,1119.1,2152.29,1175.71
495b73c8-024f-46cc-b426-05e49bbe5074.jpg,Train,aircraft,796.7,1658.3,981.96,1804.8
495b73c8-024f-46cc-b426-05e49bbe5074.jpg,Train,aircraft,1234.2,922.3,1383.8,1040.42
495b73c8-024f-46cc-b426-05e49bbe5074.jpg,Train,aircraft,355.6,833.6,523.98,998.26
495b73c8-024f-46cc-b426-05e49bbe5074.jpg,Train,aircraft,1017.8,607.7,1176.23,745.49
495b73c8-024f-46cc-b426-05e49bbe5074.jpg,Train,aircraft,882.1,470.0,1051.87,655.19
495b73c8-024f-46cc-b426-05e49bbe5074.jpg,Train,aircraft,704.1,494.7,841.87,639.2
495b73c8-024f-46cc-b426-05e49bbe5074.jpg,Train,aircraft,344.0,600.5,516.81,748.58
495b73c8-024f-46cc-b426-05e49bbe5074.jpg,Train,aircraft,377.6,247.6,544.8,410.1
495b73c8-024f-46cc-b426-05e49bbe5074.jpg,Train,aircraft,328.4,1370.8,500.83,1523.03
495b73c8-024f-46cc-b426-05e49bbe5074.jpg,Train,aircraft,1211.2,1478.9,1351.13,1616.38
495b73c8-024f-46cc-b426-05e49bbe5074.jpg,Train,aircraft,1077.5,1330.3,1254.54,1472.12
495b73c8-024f-46cc-b426-05e49bbe5074.jpg,Train,aircraft,987.7,1171.8,1139.37,1305.56
495b73c8-024f-46cc-b426-05e49bbe5074.jpg,Train,aircraft,2339.8,2269.6,2431.21,2371.73
495b73c8-024f-46cc-b426-05e49bbe5074.jpg,Train,aircraft,807.0,2273.7,952.4,2391.7
495b73c8-024f-46cc-b426-05e49bbe5074.jpg,Train,aircraft,689.7,2094.8,843.1,2229.8
495b73c8-024f-46cc-b426-05e49bbe5074.jpg,Train,aircraft,549.0,1932.1,726.01,2080.06
495b73c8-024f-46cc-b426-05e49bbe5074.jpg,Train,aircraft,456.6,1757.2,609.2,1887.28
495b73c8-024f-46cc-b426-05e49bbe5074.jpg,Train,aircraft,683.2,1501.9,842.65,1640.71
495b73c8-024f-46cc-b426-05e49bbe5074.jpg,Train,aircraft,574.9,1314.61,748.22,1465.28
495b73c8-024f-46cc-b426-05e49bbe5074.jpg,Train,aircraft,636.8,1101.0,830.26,1267.14
495b73c8-024f-46cc-b426-05e49bbe5074.jpg,Train,aircraft,1532.4,2033.1,1620.94,2113.48
495b73c8-024f-46cc-b426-05e49bbe5074.jpg,Train,aircraft,1606.8,2132.2,1693.22,2210.49
495b73c8-024f-46cc-b426-05e49bbe5074.jpg,Train,aircraft,1990.3,2264.2,2208.77,2470.19
4a0821b7-3689-4b0e-9397-389254ea9a32.jpg,Train,aircraft,2151.9,551.8,2224.5,611.9
4a0821b7-3689-4b0e-9397-389254ea9a32.jpg,Train,aircraft,2235.4,497.7,2295.91,552.23
4a0821b7-3689-4b0e-9397-389254ea9a32.jpg,Train,aircraft,968.7,651.28,1008.27,706.58
4a0821b7-3689-4b0e-9397-389254ea9a32.jpg,Train,aircraft,292.45,543.6,380.04,608.07
4a0821b7-3689-4b0e-9397-389254ea9a32.jpg,Train,aircraft,156.16,216.9,228.99,299.9
4a0821b7-3689-4b0e-9397-389254ea9a32.jpg,Train,aircraft,2380.6,1074.9,2448.11,1133.68
4a0821b7-3689-4b0e-9397-389254ea9a32.jpg,Train,aircraft,2474.1,1213.9,2537.09,1265.21
4a0821b7-3689-4b0e-9397-389254ea9a32.jpg,Train,aircraft,2170.4,763.8,2251.4,861.7
4a0821b7-3689-4b0e-9397-389254ea9a32.jpg,Train,aircraft,2322.2,726.8,2385.82,788.9
4a0821b7-3689-4b0e-9397-389254ea9a32.jpg,Train,aircraft,2325.29,90.4,2412.36,162.4
4a0821b7-3689-4b0e-9397-389254ea9a32.jpg,Train,aircraft,2379.0,172.4,2466.83,246.19
4a0821b7-3689-4b0e-9397-389254ea9a32.jpg,Train,aircraft,2325.6,328.96,2405.55,399.55
4a0821b7-3689-4b0e-9397-389254ea9a32.jpg,Train,aircraft,2254.3,417.1,2343.92,486.98
4a0821b7-3689-4b0e-9397-389254ea9a32.jpg,Train,aircraft,1882.6,707.5,1949.38,790.0
4a0821b7-3689-4b0e-9397-389254ea9a32.jpg,Train,aircraft,1798.9,694.3,1866.29,780.05
4a0821b7-3689-4b0e-9397-389254ea9a32.jpg,Train,aircraft,1715.3,710.2,1785.48,792.26
4a0821b7-3689-4b0e-9397-389254ea9a32.jpg,Train,aircraft,1631.6,720.4,1697.8,793.4
4a0821b7-3689-4b0e-9397-389254ea9a32.jpg,Train,aircraft,1965.3,685.9,2035.92,770.71
4a0821b7-3689-4b0e-9397-389254ea9a32.jpg,Train,aircraft,2053.5,683.9,2113.43,765.26
4a0821b7-3689-4b0e-9397-389254ea9a32.jpg,Train,aircraft,2273.5,2321.7,2355.6,2389.23
4a0821b7-3689-4b0e-9397-389254ea9a32.jpg,Train,aircraft,2281.4,1362.0,2356.09,1428.49
4a0821b7-3689-4b0e-9397-389254ea9a32.jpg,Train,aircraft,2298.4,1454.1,2383.73,1517.48
4a0821b7-3689-4b0e-9397-389254ea9a32.jpg,Train,aircraft,2305.8,1558.3,2394.28,1626.86
4a0821b7-3689-4b0e-9397-389254ea9a32.jpg,Train,aircraft,2301.8,1671.9,2364.9,1723.8
4a0821b7-3689-4b0e-9397-389254ea9a32.jpg,Train,aircraft,2234.9,2032.9,2290.15,2081.2
4a0821b7-3689-4b0e-9397-389254ea9a32.jpg,Train,aircraft,2069.9,2218.8,2132.76,2298.19
4a0821b7-3689-4b0e-9397-389254ea9a32.jpg,Train,aircraft,2322.2,2258.1,2374.42,2310.7
4a0821b7-3689-4b0e-9397-389254ea9a32.jpg,Train,aircraft,1030.7,589.9,1087.59,663.04
4a0821b7-3689-4b0e-9397-389254ea9a32.jpg,Train,aircraft,2402.6,2416.7,2468.7,2477.91
4a0821b7-3689-4b0e-9397-389254ea9a32.jpg,Train,aircraft,2414.8,2105.3,2486.1,2164.6
4a0821b7-3689-4b0e-9397-389254ea9a32.jpg,Train,aircraft,2464.3,2029.2,2508.08,2093.1
4c9d2482-788c-4d68-a3d4-478b2367abce.jpg,Train,aircraft,575.5,1459.2,631.19,1510.61
4c9d2482-788c-4d68-a3d4-478b2367abce.jpg,Train,aircraft,684.3,975.12,749.39,1050.67
4c9d2482-788c-4d68-a3d4-478b2367abce.jpg,Train,aircraft,552.7,927.9,611.2,981.0
4c9d2482-788c-4d68-a3d4-478b2367abce.jpg,Train,aircraft,566.4,1197.3,629.08,1270.76
4c9d2482-788c-4d68-a3d4-478b2367abce.jpg,Train,aircraft,539.8,1595.0,629.15,1667.81
4c9d2482-788c-4d68-a3d4-478b2367abce.jpg,Train,aircraft,543.8,1787.6,631.12,1853.78
4c9d2482-788c-4d68-a3d4-478b2367abce.jpg,Train,aircraft,700.9,1947.27,748.04,2010.87
4c9d2482-788c-4d68-a3d4-478b2367abce.jpg,Train,aircraft,799.3,2085.2,870.46,2181.8
4c9d2482-788c-4d68-a3d4-478b2367abce.jpg,Train,aircraft,546.85,2058.1,636.43,2128.2
4c9d2482-788c-4d68-a3d4-478b2367abce.jpg,Train,aircraft,926.0,2239.6,1039.56,2335.48
4c9d2482-788c-4d68-a3d4-478b2367abce.jpg,Train,aircraft,1163.2,2144.95,1254.26,2217.53
4c9d2482-788c-4d68-a3d4-478b2367abce.jpg,Train,aircraft,1165.6,2055.6,1249.86,2126.17
4c9d2482-788c-4d68-a3d4-478b2367abce.jpg,Train,aircraft,1155.3,1865.6,1248.57,1947.72
4c9d2482-788c-4d68-a3d4-478b2367abce.jpg,Train,aircraft,945.1,1814.7,1041.87,1893.52
4c9d2482-788c-4d68-a3d4-478b2367abce.jpg,Train,aircraft,943.7,1699.7,1041.87,1777.78
4c9d2482-788c-4d68-a3d4-478b2367abce.jpg,Train,aircraft,1153.73,1573.7,1249.05,1653.23
4c9d2482-788c-4d68-a3d4-478b2367abce.jpg,Train,aircraft,929.6,1431.3,1026.33,1510.69
4c9d2482-788c-4d68-a3d4-478b2367abce.jpg,Train,aircraft,935.91,1338.34,1032.3,1406.78
4c9d2482-788c-4d68-a3d4-478b2367abce.jpg,Train,aircraft,1145.6,1303.58,1256.64,1387.43
4c9d2482-788c-4d68-a3d4-478b2367abce.jpg,Train,aircraft,1144.8,1013.9,1239.47,1091.19
4c9d2482-788c-4d68-a3d4-478b2367abce.jpg,Train,aircraft,941.4,879.0,1030.69,951.38
4c9d2482-788c-4d68-a3d4-478b2367abce.jpg,Train,aircraft,1158.2,850.7,1241.45,920.82
4c9d2482-788c-4d68-a3d4-478b2367abce.jpg,Train,aircraft,1538.5,2165.8,1636.54,2233.44
4c9d2482-788c-4d68-a3d4-478b2367abce.jpg,Train,aircraft,1539.9,2075.3,1637.15,2143.29
4c9d2482-788c-4d68-a3d4-478b2367abce.jpg,Train,aircraft,1543.8,1891.7,1637.77,1960.34
4c9d2482-788c-4d68-a3d4-478b2367abce.jpg,Train,aircraft,1775.87,2263.8,1863.19,2325.31
4c9d2482-788c-4d68-a3d4-478b2367abce.jpg,Train,aircraft,1770.69,2073.82,1867.04,2143.0
4c9d2482-788c-4d68-a3d4-478b2367abce.jpg,Train,aircraft,1755.6,1890.4,1847.63,1957.86
4c9d2482-788c-4d68-a3d4-478b2367abce.jpg,Train,aircraft,1762.4,1798.5,1857.03,1866.46
4c9d2482-788c-4d68-a3d4-478b2367abce.jpg,Train,aircraft,1784.7,1611.2,1852.38,1684.33
4c9d2482-788c-4d68-a3d4-478b2367abce.jpg,Train,aircraft,1515.21,1476.9,1613.03,1545.3
4c9d2482-788c-4d68-a3d4-478b2367abce.jpg,Train,aircraft,1791.5,1481.9,1857.04,1552.11
4c9d2482-788c-4d68-a3d4-478b2367abce.jpg,Train,aircraft,1539.21,1387.29,1618.04,1457.52
4c9d2482-788c-4d68-a3d4-478b2367abce.jpg,Train,aircraft,1530.97,1299.1,1628.43,1367.22
4c9d2482-788c-4d68-a3d4-478b2367abce.jpg,Train,aircraft,1532.3,1112.5,1626.84,1181.38
4c9d2482-788c-4d68-a3d4-478b2367abce.jpg,Train,aircraft,1536.6,1023.7,1630.94,1091.85
4c9d2482-788c-4d68-a3d4-478b2367abce.jpg,Train,aircraft,1774.1,1032.34,1868.17,1100.42
4c9d2482-788c-4d68-a3d4-478b2367abce.jpg,Train,aircraft,1768.1,942.5,1858.92,1008.78
4c9d2482-788c-4d68-a3d4-478b2367abce.jpg,Train,aircraft,1541.51,854.9,1636.28,922.3
4c9d2482-788c-4d68-a3d4-478b2367abce.jpg,Train,aircraft,1686.94,490.39,1778.1,562.62
4c9d2482-788c-4d68-a3d4-478b2367abce.jpg,Train,aircraft,1909.1,858.3,1998.87,923.85
4c9d2482-788c-4d68-a3d4-478b2367abce.jpg,Train,aircraft,2167.2,876.5,2247.82,931.33
4c9d2482-788c-4d68-a3d4-478b2367abce.jpg,Train,aircraft,2393.9,948.2,2472.07,1003.39
4c9d2482-788c-4d68-a3d4-478b2367abce.jpg,Train,aircraft,2387.9,1913.6,2467.74,1985.28
4c9d2482-788c-4d68-a3d4-478b2367abce.jpg,Train,aircraft,2148.4,1996.7,2212.65,2066.12
4c9d2482-788c-4d68-a3d4-478b2367abce.jpg,Train,aircraft,2395.1,1193.06,2471.84,1249.05
4c9d2482-788c-4d68-a3d4-478b2367abce.jpg,Train,aircraft,2396.0,1352.2,2474.61,1410.9
4c9d2482-788c-4d68-a3d4-478b2367abce.jpg,Train,aircraft,2157.2,1371.0,2238.34,1428.47
4c9d2482-788c-4d68-a3d4-478b2367abce.jpg,Train,aircraft,2160.3,1661.2,2236.35,1731.04
4c9d2482-788c-4d68-a3d4-478b2367abce.jpg,Train,aircraft,2166.7,1744.5,2244.07,1815.58
4c9d2482-788c-4d68-a3d4-478b2367abce.jpg,Train,aircraft,2173.6,1826.76,2251.8,1899.62
4c9d2482-788c-4d68-a3d4-478b2367abce.jpg,Train,aircraft,2163.2,1913.91,2243.74,1983.03
4c9d2482-788c-4d68-a3d4-478b2367abce.jpg,Train,aircraft,2171.9,2168.62,2245.35,2242.24
4c9d2482-788c-4d68-a3d4-478b2367abce.jpg,Train,aircraft,2190.3,2255.85,2270.49,2327.91
4ca65749-67e4-4457-b4e4-89a3f58ce24d.jpg,Train,aircraft,4.0,1519.1,65.71,1574.5
4ca65749-67e4-4457-b4e4-89a3f58ce24d.jpg,Train,aircraft,1540.98,1485.7,1597.8,1553.6
4ca65749-67e4-4457-b4e4-89a3f58ce24d.jpg,Train,aircraft,1691.9,1640.96,1748.06,1714.99
4ca65749-67e4-4457-b4e4-89a3f58ce24d.jpg,Train,aircraft,1760.1,1615.25,1815.23,1687.41
4ca65749-67e4-4457-b4e4-89a3f58ce24d.jpg,Train,aircraft,1281.2,1807.8,1337.14,1881.4
4ca65749-67e4-4457-b4e4-89a3f58ce24d.jpg,Train,aircraft,733.3,2038.2,786.31,2099.18
4ca65749-67e4-4457-b4e4-89a3f58ce24d.jpg,Train,aircraft,616.1,2077.2,674.16,2142.03
4ca65749-67e4-4457-b4e4-89a3f58ce24d.jpg,Train,aircraft,544.1,2007.7,615.12,2066.24
4ca65749-67e4-4457-b4e4-89a3f58ce24d.jpg,Train,aircraft,153.7,1777.3,201.7,1840.93
4e8c95f3-bbb6-4e2f-920d-8d3b2bd1d29f.jpg,Train,aircraft,1760.7,671.22,1816.23,737.66
4e8c95f3-bbb6-4e2f-920d-8d3b2bd1d29f.jpg,Train,aircraft,2040.3,1120.1,2102.23,1193.5
4e8c95f3-bbb6-4e2f-920d-8d3b2bd1d29f.jpg,Train,aircraft,1590.06,1318.6,1754.75,1453.2
4e8c95f3-bbb6-4e2f-920d-8d3b2bd1d29f.jpg,Train,aircraft,1829.2,97.4,1916.33,185.03
4e8c95f3-bbb6-4e2f-920d-8d3b2bd1d29f.jpg,Train,aircraft,2024.3,199.0,2095.25,280.34
4e8c95f3-bbb6-4e2f-920d-8d3b2bd1d29f.jpg,Train,aircraft,1711.1,325.9,1803.89,441.8
4e8c95f3-bbb6-4e2f-920d-8d3b2bd1d29f.jpg,Train,aircraft,1832.3,393.7,1894.63,480.82
4e8c95f3-bbb6-4e2f-920d-8d3b2bd1d29f.jpg,Train,aircraft,1918.0,451.0,1975.16,527.1
4e8c95f3-bbb6-4e2f-920d-8d3b2bd1d29f.jpg,Train,aircraft,1833.1,709.8,1911.53,782.95
4e9164aa-532e-4b76-bce4-060b090da357.jpg,Train,aircraft,2106.7,834.6,2162.03,909.15
4e9164aa-532e-4b76-bce4-060b090da357.jpg,Train,aircraft,509.2,1634.6,644.41,1765.11
4e9164aa-532e-4b76-bce4-060b090da357.jpg,Train,aircraft,821.6,2046.1,951.67,2175.62
4e9164aa-532e-4b76-bce4-060b090da357.jpg,Train,aircraft,1049.0,2424.3,1179.37,2551.4
4e9164aa-532e-4b76-bce4-060b090da357.jpg,Train,aircraft,151.4,2122.7,283.86,2256.02
4e9164aa-532e-4b76-bce4-060b090da357.jpg,Train,aircraft,1757.6,1296.8,1882.75,1427.06
4e9164aa-532e-4b76-bce4-060b090da357.jpg,Train,aircraft,1499.6,1209.5,1627.8,1316.55
4e9164aa-532e-4b76-bce4-060b090da357.jpg,Train,aircraft,1186.2,1016.9,1315.6,1125.21
4e9164aa-532e-4b76-bce4-060b090da357.jpg,Train,aircraft,1980.03,468.2,2111.91,575.49
4e9164aa-532e-4b76-bce4-060b090da357.jpg,Train,aircraft,2226.3,394.8,2355.34,531.05
4e9164aa-532e-4b76-bce4-060b090da357.jpg,Train,aircraft,2044.7,299.4,2176.81,434.04
4e9164aa-532e-4b76-bce4-060b090da357.jpg,Train,aircraft,1873.9,186.9,2003.96,328.78
4e9164aa-532e-4b76-bce4-060b090da357.jpg,Train,aircraft,1727.4,34.7,1855.36,174.51
4e9164aa-532e-4b76-bce4-060b090da357.jpg,Train,aircraft,2127.9,1181.4,2259.03,1310.79
4e9164aa-532e-4b76-bce4-060b090da357.jpg,Train,aircraft,1579.4,2327.5,1707.9,2452.0
4f833867-273e-4d73-8bc3-cb2d9ceb54ef.jpg,Train,aircraft,2064.74,1766.9,2135.51,1840.11
4f833867-273e-4d73-8bc3-cb2d9ceb54ef.jpg,Train,aircraft,1656.3,1677.9,1741.1,1745.06
4f833867-273e-4d73-8bc3-cb2d9ceb54ef.jpg,Train,aircraft,1545.05,1443.4,1614.57,1502.38
4f833867-273e-4d73-8bc3-cb2d9ceb54ef.jpg,Train,aircraft,1491.9,1369.4,1559.95,1438.72
4f833867-273e-4d73-8bc3-cb2d9ceb54ef.jpg,Train,aircraft,1980.5,1615.7,2048.02,1686.51
4f833867-273e-4d73-8bc3-cb2d9ceb54ef.jpg,Train,aircraft,1935.9,2177.3,2003.1,2239.4
4f833867-273e-4d73-8bc3-cb2d9ceb54ef.jpg,Train,aircraft,593.17,940.4,660.6,1008.54
4f833867-273e-4d73-8bc3-cb2d9ceb54ef.jpg,Train,aircraft,451.75,720.5,512.9,786.0
4f833867-273e-4d73-8bc3-cb2d9ceb54ef.jpg,Train,aircraft,142.9,520.2,237.7,585.1
4f833867-273e-4d73-8bc3-cb2d9ceb54ef.jpg,Train,aircraft,1058.5,1502.1,1128.33,1570.0
4f833867-273e-4d73-8bc3-cb2d9ceb54ef.jpg,Train,aircraft,814.7,1519.6,888.97,1598.4
4f833867-273e-4d73-8bc3-cb2d9ceb54ef.jpg,Train,aircraft,646.5,1392.4,725.12,1462.7
4f833867-273e-4d73-8bc3-cb2d9ceb54ef.jpg,Train,aircraft,737.4,1272.2,806.88,1352.46
4f833867-273e-4d73-8bc3-cb2d9ceb54ef.jpg,Train,aircraft,2151.5,2029.5,2217.44,2104.16
4f833867-273e-4d73-8bc3-cb2d9ceb54ef.jpg,Train,aircraft,1862.71,2091.88,1941.24,2157.28
4f833867-273e-4d73-8bc3-cb2d9ceb54ef.jpg,Train,aircraft,1230.37,1519.4,1289.8,1600.6
4fdabd34-a2fd-4f0a-bb48-01fe043f1499.jpg,Train,aircraft,1730.7,2074.4,1885.03,2220.63
4fdabd34-a2fd-4f0a-bb48-01fe043f1499.jpg,Train,aircraft,1910.4,2058.5,2079.38,2246.43
4fdabd34-a2fd-4f0a-bb48-01fe043f1499.jpg,Train,aircraft,2097.0,2076.6,2249.66,2223.21
4fdabd34-a2fd-4f0a-bb48-01fe043f1499.jpg,Train,aircraft,2295.7,2092.9,2393.7,2208.59
4fdabd34-a2fd-4f0a-bb48-01fe043f1499.jpg,Train,aircraft,2326.14,1591.4,2420.88,1683.32
4fdabd34-a2fd-4f0a-bb48-01fe043f1499.jpg,Train,aircraft,2219.4,1724.2,2369.58,1858.4
4fdabd34-a2fd-4f0a-bb48-01fe043f1499.jpg,Train,aircraft,2088.9,1744.4,2168.35,1837.76
4fdabd34-a2fd-4f0a-bb48-01fe043f1499.jpg,Train,aircraft,1971.0,1794.9,2059.08,1897.18
4fdabd34-a2fd-4f0a-bb48-01fe043f1499.jpg,Train,aircraft,1845.1,1769.8,1921.23,1847.7
4fdabd34-a2fd-4f0a-bb48-01fe043f1499.jpg,Train,aircraft,693.4,2198.38,789.04,2282.58
4fdabd34-a2fd-4f0a-bb48-01fe043f1499.jpg,Train,aircraft,846.0,2182.9,975.36,2320.85
4fdabd34-a2fd-4f0a-bb48-01fe043f1499.jpg,Train,aircraft,997.94,2149.4,1153.59,2306.37
4fdabd34-a2fd-4f0a-bb48-01fe043f1499.jpg,Train,aircraft,1178.6,2130.8,1339.38,2290.29
4fdabd34-a2fd-4f0a-bb48-01fe043f1499.jpg,Train,aircraft,1358.3,2085.62,1526.43,2279.11
4fdabd34-a2fd-4f0a-bb48-01fe043f1499.jpg,Train,aircraft,1541.5,2064.55,1710.03,2259.76
534ba32c-cde2-402b-9b47-1396cf0999e8.jpg,Train,aircraft,1129.5,2007.3,1210.45,2077.73
534ba32c-cde2-402b-9b47-1396cf0999e8.jpg,Train,aircraft,1251.9,1032.4,1314.7,1112.4
534ba32c-cde2-402b-9b47-1396cf0999e8.jpg,Train,aircraft,1263.8,829.22,1325.67,908.4
534ba32c-cde2-402b-9b47-1396cf0999e8.jpg,Train,aircraft,970.1,257.8,1041.88,328.3
534ba32c-cde2-402b-9b47-1396cf0999e8.jpg,Train,aircraft,1045.75,362.68,1129.17,434.49
534ba32c-cde2-402b-9b47-1396cf0999e8.jpg,Train,aircraft,1174.66,1593.9,1304.94,1725.46
534ba32c-cde2-402b-9b47-1396cf0999e8.jpg,Train,aircraft,1116.8,462.36,1190.25,529.4
534ba32c-cde2-402b-9b47-1396cf0999e8.jpg,Train,aircraft,1845.77,702.5,1919.73,779.51
534ba32c-cde2-402b-9b47-1396cf0999e8.jpg,Train,aircraft,1168.0,546.2,1281.26,661.94
534ba32c-cde2-402b-9b47-1396cf0999e8.jpg,Train,aircraft,805.2,2403.2,936.38,2527.13
534ba32c-cde2-402b-9b47-1396cf0999e8.jpg,Train,aircraft,917.0,2327.67,1024.81,2434.1
534ba32c-cde2-402b-9b47-1396cf0999e8.jpg,Train,aircraft,1161.78,1881.0,1242.1,1955.01
54b4e42b-3667-4564-b8fa-c23122ca54d5.jpg,Train,aircraft,2164.5,1595.3,2226.1,1670.11
54b4e42b-3667-4564-b8fa-c23122ca54d5.jpg,Train,aircraft,880.9,1679.0,935.95,1740.0
54b4e42b-3667-4564-b8fa-c23122ca54d5.jpg,Train,aircraft,808.4,1657.3,864.48,1722.8
54b4e42b-3667-4564-b8fa-c23122ca54d5.jpg,Train,aircraft,953.0,1856.32,1006.46,1896.32
54b4e42b-3667-4564-b8fa-c23122ca54d5.jpg,Train,aircraft,951.06,1910.85,1021.6,1959.57
54b4e42b-3667-4564-b8fa-c23122ca54d5.jpg,Train,aircraft,1801.5,1693.7,1869.06,1770.62
54b4e42b-3667-4564-b8fa-c23122ca54d5.jpg,Train,aircraft,1722.99,1714.0,1793.41,1799.31
54b4e42b-3667-4564-b8fa-c23122ca54d5.jpg,Train,aircraft,2121.6,1937.4,2186.36,2022.2
54b4e42b-3667-4564-b8fa-c23122ca54d5.jpg,Train,aircraft,1926.25,1980.87,1992.61,2078.22
54b4e42b-3667-4564-b8fa-c23122ca54d5.jpg,Train,aircraft,1893.5,1696.28,1962.4,1769.57
54b4e42b-3667-4564-b8fa-c23122ca54d5.jpg,Train,aircraft,1975.7,1700.7,2044.55,1774.53
54b4e42b-3667-4564-b8fa-c23122ca54d5.jpg,Train,aircraft,2063.4,1641.11,2168.27,1762.14
54b4e42b-3667-4564-b8fa-c23122ca54d5.jpg,Train,aircraft,2197.7,1523.3,2266.6,1585.03
54b4e42b-3667-4564-b8fa-c23122ca54d5.jpg,Train,aircraft,2268.3,1355.1,2340.42,1416.61
54b4e42b-3667-4564-b8fa-c23122ca54d5.jpg,Train,aircraft,2286.7,2433.3,2361.08,2502.95
54b4e42b-3667-4564-b8fa-c23122ca54d5.jpg,Train,aircraft,2329.0,2354.9,2415.86,2424.31
54b4e42b-3667-4564-b8fa-c23122ca54d5.jpg,Train,aircraft,2227.4,2234.2,2317.39,2296.03
54b4e42b-3667-4564-b8fa-c23122ca54d5.jpg,Train,aircraft,2132.4,2122.8,2190.5,2195.53
54b4e42b-3667-4564-b8fa-c23122ca54d5.jpg,Train,aircraft,2279.18,2126.45,2369.66,2195.91
54b4e42b-3667-4564-b8fa-c23122ca54d5.jpg,Train,aircraft,1637.0,1954.0,1706.21,2028.13
54b4e42b-3667-4564-b8fa-c23122ca54d5.jpg,Train,aircraft,1841.7,1963.7,1911.23,2050.98
56e2d3d3-6b16-401f-a300-847272373df5.jpg,Train,aircraft,486.4,2040.9,612.93,2166.38
56e2d3d3-6b16-401f-a300-847272373df5.jpg,Train,aircraft,721.69,407.1,768.42,478.78
56e2d3d3-6b16-401f-a300-847272373df5.jpg,Train,aircraft,663.7,434.8,709.13,505.87
56e2d3d3-6b16-401f-a300-847272373df5.jpg,Train,aircraft,381.2,325.9,439.42,367.87
56e2d3d3-6b16-401f-a300-847272373df5.jpg,Train,aircraft,224.0,844.3,279.61,910.39
56e2d3d3-6b16-401f-a300-847272373df5.jpg,Train,aircraft,538.9,226.4,581.42,284.06
56e2d3d3-6b16-401f-a300-847272373df5.jpg,Train,aircraft,743.2,207.9,791.68,278.6
56e2d3d3-6b16-401f-a300-847272373df5.jpg,Train,aircraft,810.98,288.3,886.89,335.73
56e2d3d3-6b16-401f-a300-847272373df5.jpg,Train,aircraft,2062.6,453.1,2123.2,528.2
56e2d3d3-6b16-401f-a300-847272373df5.jpg,Train,aircraft,2237.2,2024.3,2300.24,2113.0
56e2d3d3-6b16-401f-a300-847272373df5.jpg,Train,aircraft,2122.1,514.4,2187.03,584.3
56e2d3d3-6b16-401f-a300-847272373df5.jpg,Train,aircraft,1743.2,1943.87,1809.48,2033.54
56e2d3d3-6b16-401f-a300-847272373df5.jpg,Train,aircraft,2193.1,578.3,2254.7,649.6
56e2d3d3-6b16-401f-a300-847272373df5.jpg,Train,aircraft,2413.95,630.48,2481.93,714.24
56e2d3d3-6b16-401f-a300-847272373df5.jpg,Train,aircraft,2274.97,710.9,2361.74,778.8
56e2d3d3-6b16-401f-a300-847272373df5.jpg,Train,aircraft,2298.3,794.6,2378.27,863.35
56e2d3d3-6b16-401f-a300-847272373df5.jpg,Train,aircraft,2323.05,870.11,2405.68,941.4
56e2d3d3-6b16-401f-a300-847272373df5.jpg,Train,aircraft,2323.4,956.5,2433.1,1056.4
56e2d3d3-6b16-401f-a300-847272373df5.jpg,Train,aircraft,1954.2,401.9,2052.01,511.41
56e2d3d3-6b16-401f-a300-847272373df5.jpg,Train,aircraft,2377.1,2225.5,2457.2,2288.2
56e2d3d3-6b16-401f-a300-847272373df5.jpg,Train,aircraft,1891.8,1690.5,1961.38,1781.16
56e2d3d3-6b16-401f-a300-847272373df5.jpg,Train,aircraft,1987.7,1687.69,2055.28,1775.1
56e2d3d3-6b16-401f-a300-847272373df5.jpg,Train,aircraft,2075.55,1636.7,2140.04,1719.6
56e2d3d3-6b16-401f-a300-847272373df5.jpg,Train,aircraft,634.5,1606.8,684.12,1667.3
56e2d3d3-6b16-401f-a300-847272373df5.jpg,Train,aircraft,293.5,2441.9,422.92,2560.0
57af3c0a-b5ae-4e4f-a7f9-6856be2f80e5.jpg,Train,aircraft,1507.2,1371.7,1572.49,1429.99
57af3c0a-b5ae-4e4f-a7f9-6856be2f80e5.jpg,Train,aircraft,1702.5,1560.6,1783.33,1657.37
57af3c0a-b5ae-4e4f-a7f9-6856be2f80e5.jpg,Train,aircraft,1435.5,554.2,1494.84,620.83
57af3c0a-b5ae-4e4f-a7f9-6856be2f80e5.jpg,Train,aircraft,1223.9,428.2,1324.19,530.38
57af3c0a-b5ae-4e4f-a7f9-6856be2f80e5.jpg,Train,aircraft,1090.15,903.8,1208.6,1007.61
57af3c0a-b5ae-4e4f-a7f9-6856be2f80e5.jpg,Train,aircraft,1019.83,1163.0,1144.28,1271.16
57af3c0a-b5ae-4e4f-a7f9-6856be2f80e5.jpg,Train,aircraft,1278.5,1056.9,1381.21,1167.7
57af3c0a-b5ae-4e4f-a7f9-6856be2f80e5.jpg,Train,aircraft,1496.2,961.9,1600.07,1071.87
57af3c0a-b5ae-4e4f-a7f9-6856be2f80e5.jpg,Train,aircraft,870.1,669.3,928.84,728.73
57af3c0a-b5ae-4e4f-a7f9-6856be2f80e5.jpg,Train,aircraft,852.3,1879.4,951.61,1992.62
57af3c0a-b5ae-4e4f-a7f9-6856be2f80e5.jpg,Train,aircraft,1258.2,1908.7,1341.55,2005.15
57af3c0a-b5ae-4e4f-a7f9-6856be2f80e5.jpg,Train,aircraft,1317.74,1745.1,1377.71,1804.6
57af3c0a-b5ae-4e4f-a7f9-6856be2f80e5.jpg,Train,aircraft,1331.3,228.0,1396.85,288.54
57af3c0a-b5ae-4e4f-a7f9-6856be2f80e5.jpg,Train,aircraft,939.2,409.5,1002.81,469.24
57af3c0a-b5ae-4e4f-a7f9-6856be2f80e5.jpg,Train,aircraft,980.1,915.0,1026.74,964.78
5bb8ab95-f141-43ca-a722-a1937d9d5a72.jpg,Train,aircraft,1125.0,656.8,1223.9,738.6
5bb8ab95-f141-43ca-a722-a1937d9d5a72.jpg,Train,aircraft,1111.46,767.25,1197.55,846.43
5bb8ab95-f141-43ca-a722-a1937d9d5a72.jpg,Train,aircraft,1057.7,983.5,1143.67,1064.51
5bb8ab95-f141-43ca-a722-a1937d9d5a72.jpg,Train,aircraft,636.2,1265.5,734.72,1345.48
5bb8ab95-f141-43ca-a722-a1937d9d5a72.jpg,Train,aircraft,888.3,1736.6,996.61,1828.42
5bb8ab95-f141-43ca-a722-a1937d9d5a72.jpg,Train,aircraft,495.8,1832.4,594.2,1913.5
5c9e817a-dc4b-42ab-952c-3128e2de12e8.jpg,Train,aircraft,886.02,334.4,1038.55,490.15
5c9e817a-dc4b-42ab-952c-3128e2de12e8.jpg,Train,aircraft,483.9,597.1,648.73,752.25
5c9e817a-dc4b-42ab-952c-3128e2de12e8.jpg,Train,aircraft,1554.2,307.1,1724.49,463.11
5c9e817a-dc4b-42ab-952c-3128e2de12e8.jpg,Train,aircraft,2108.24,2049.9,2282.12,2205.24
5c9e817a-dc4b-42ab-952c-3128e2de12e8.jpg,Train,aircraft,2096.32,1820.8,2291.87,1985.9
5c9e817a-dc4b-42ab-952c-3128e2de12e8.jpg,Train,aircraft,2089.1,1577.8,2276.44,1782.65
5c9e817a-dc4b-42ab-952c-3128e2de12e8.jpg,Train,aircraft,2070.4,1354.4,2257.82,1561.68
5c9e817a-dc4b-42ab-952c-3128e2de12e8.jpg,Train,aircraft,1645.9,1372.4,1817.56,1533.93
5c9e817a-dc4b-42ab-952c-3128e2de12e8.jpg,Train,aircraft,1649.7,1553.8,1843.82,1721.09
5c9e817a-dc4b-42ab-952c-3128e2de12e8.jpg,Train,aircraft,1688.0,1743.5,1839.75,1897.84
5c9e817a-dc4b-42ab-952c-3128e2de12e8.jpg,Train,aircraft,1690.2,1933.9,1856.34,2082.49
5c9e817a-dc4b-42ab-952c-3128e2de12e8.jpg,Train,aircraft,1713.6,2115.0,1879.51,2268.03
5c9e817a-dc4b-42ab-952c-3128e2de12e8.jpg,Train,aircraft,967.14,1443.8,1128.52,1603.39
5c9e817a-dc4b-42ab-952c-3128e2de12e8.jpg,Train,aircraft,988.8,1648.5,1178.39,1853.06
5c9e817a-dc4b-42ab-952c-3128e2de12e8.jpg,Train,aircraft,1001.9,1893.4,1192.84,2060.61
5c9e817a-dc4b-42ab-952c-3128e2de12e8.jpg,Train,aircraft,1019.0,2112.4,1211.25,2277.99
5c9e817a-dc4b-42ab-952c-3128e2de12e8.jpg,Train,aircraft,1621.5,862.5,1774.57,1018.19
5c9e817a-dc4b-42ab-952c-3128e2de12e8.jpg,Train,aircraft,1994.6,720.9,2187.14,887.49
5c9e817a-dc4b-42ab-952c-3128e2de12e8.jpg,Train,aircraft,1579.0,673.2,1772.85,841.61
5c9e817a-dc4b-42ab-952c-3128e2de12e8.jpg,Train,aircraft,1987.2,480.1,2179.08,686.51
5c9e817a-dc4b-42ab-952c-3128e2de12e8.jpg,Train,aircraft,1962.9,282.0,2128.57,439.93
5c9e817a-dc4b-42ab-952c-3128e2de12e8.jpg,Train,aircraft,1565.4,484.78,1757.99,654.44
5c9e817a-dc4b-42ab-952c-3128e2de12e8.jpg,Train,aircraft,904.4,524.2,1056.4,679.46
5f726a3d-9876-498f-90c5-9f9efae06c6a.jpg,Train,aircraft,1785.7,2443.74,1878.57,2512.7
5f726a3d-9876-498f-90c5-9f9efae06c6a.jpg,Train,aircraft,313.5,755.3,464.5,916.01
5f726a3d-9876-498f-90c5-9f9efae06c6a.jpg,Train,aircraft,824.0,929.8,895.73,1010.59
5f726a3d-9876-498f-90c5-9f9efae06c6a.jpg,Train,aircraft,1026.6,602.0,1096.4,686.27
5f726a3d-9876-498f-90c5-9f9efae06c6a.jpg,Train,aircraft,336.6,278.0,411.2,349.49
5f726a3d-9876-498f-90c5-9f9efae06c6a.jpg,Train,aircraft,330.6,361.0,406.85,432.53
5f726a3d-9876-498f-90c5-9f9efae06c6a.jpg,Train,aircraft,2387.6,666.8,2448.66,748.21
5f726a3d-9876-498f-90c5-9f9efae06c6a.jpg,Train,aircraft,2312.5,741.3,2395.8,802.4
5f726a3d-9876-498f-90c5-9f9efae06c6a.jpg,Train,aircraft,1718.2,716.7,1787.17,796.05
5f726a3d-9876-498f-90c5-9f9efae06c6a.jpg,Train,aircraft,2317.3,239.6,2397.73,306.87
5f726a3d-9876-498f-90c5-9f9efae06c6a.jpg,Train,aircraft,2025.4,1081.0,2083.68,1138.02
5f726a3d-9876-498f-90c5-9f9efae06c6a.jpg,Train,aircraft,1602.2,2349.6,1672.84,2417.4
5f726a3d-9876-498f-90c5-9f9efae06c6a.jpg,Train,aircraft,2257.2,2194.0,2317.8,2260.76
5f726a3d-9876-498f-90c5-9f9efae06c6a.jpg,Train,aircraft,2237.4,2042.4,2301.79,2095.9
5f726a3d-9876-498f-90c5-9f9efae06c6a.jpg,Train,aircraft,2452.1,2021.9,2515.47,2110.88
65e32857-71dc-406b-8583-1ea6467a330f.jpg,Train,aircraft,2145.8,1940.6,2215.74,2018.02
65e32857-71dc-406b-8583-1ea6467a330f.jpg,Train,aircraft,2036.39,2140.4,2106.82,2206.65
65e32857-71dc-406b-8583-1ea6467a330f.jpg,Train,aircraft,1936.6,2175.22,2001.55,2254.35
65e32857-71dc-406b-8583-1ea6467a330f.jpg,Train,aircraft,657.26,1474.58,749.06,1545.07
65e32857-71dc-406b-8583-1ea6467a330f.jpg,Train,aircraft,655.2,1304.5,717.8,1377.69
65e32857-71dc-406b-8583-1ea6467a330f.jpg,Train,aircraft,716.6,1216.9,782.08,1309.0
65e32857-71dc-406b-8583-1ea6467a330f.jpg,Train,aircraft,1280.1,1480.52,1346.4,1547.5
65e32857-71dc-406b-8583-1ea6467a330f.jpg,Train,aircraft,908.6,1217.0,1003.25,1283.3
65e32857-71dc-406b-8583-1ea6467a330f.jpg,Train,aircraft,889.4,1120.0,984.4,1187.86
65e32857-71dc-406b-8583-1ea6467a330f.jpg,Train,aircraft,900.6,954.2,963.97,1012.4
65e32857-71dc-406b-8583-1ea6467a330f.jpg,Train,aircraft,1548.1,1440.0,1610.25,1504.55
65e32857-71dc-406b-8583-1ea6467a330f.jpg,Train,aircraft,1827.9,2012.7,1894.85,2077.39
65e32857-71dc-406b-8583-1ea6467a330f.jpg,Train,aircraft,1701.48,1753.8,1781.7,1823.6
65e32857-71dc-406b-8583-1ea6467a330f.jpg,Train,aircraft,1982.8,1618.9,2051.05,1689.75
65e32857-71dc-406b-8583-1ea6467a330f.jpg,Train,aircraft,2061.9,1767.0,2146.44,1843.5
696b9320-7dbe-4c28-bd07-7a73e7a28e64.jpg,Train,aircraft,879.6,2454.6,1005.8,2560.0
696b9320-7dbe-4c28-bd07-7a73e7a28e64.jpg,Train,aircraft,846.2,604.6,964.09,734.22
696b9320-7dbe-4c28-bd07-7a73e7a28e64.jpg,Train,aircraft,977.4,677.4,1093.45,809.6
696b9320-7dbe-4c28-bd07-7a73e7a28e64.jpg,Train,aircraft,553.9,499.6,673.89,631.5
696b9320-7dbe-4c28-bd07-7a73e7a28e64.jpg,Train,aircraft,465.3,545.3,548.27,660.56
696b9320-7dbe-4c28-bd07-7a73e7a28e64.jpg,Train,aircraft,379.85,728.3,512.9,853.8
696b9320-7dbe-4c28-bd07-7a73e7a28e64.jpg,Train,aircraft,556.1,801.9,629.7,905.8
696b9320-7dbe-4c28-bd07-7a73e7a28e64.jpg,Train,aircraft,874.9,968.0,950.0,1058.21
696b9320-7dbe-4c28-bd07-7a73e7a28e64.jpg,Train,aircraft,78.9,1134.6,193.41,1254.0
696b9320-7dbe-4c28-bd07-7a73e7a28e64.jpg,Train,aircraft,218.2,1188.7,338.1,1332.01
696b9320-7dbe-4c28-bd07-7a73e7a28e64.jpg,Train,aircraft,349.8,1259.9,472.87,1403.7
696b9320-7dbe-4c28-bd07-7a73e7a28e64.jpg,Train,aircraft,484.1,1318.9,609.89,1472.64
696b9320-7dbe-4c28-bd07-7a73e7a28e64.jpg,Train,aircraft,49.0,1427.6,171.7,1574.2
696b9320-7dbe-4c28-bd07-7a73e7a28e64.jpg,Train,aircraft,189.4,1493.9,310.8,1634.74
696b9320-7dbe-4c28-bd07-7a73e7a28e64.jpg,Train,aircraft,345.3,1592.3,454.24,1703.48
696b9320-7dbe-4c28-bd07-7a73e7a28e64.jpg,Train,aircraft,1718.6,2132.5,1810.55,2245.19
696b9320-7dbe-4c28-bd07-7a73e7a28e64.jpg,Train,aircraft,2110.4,2419.41,2187.7,2529.21
696b9320-7dbe-4c28-bd07-7a73e7a28e64.jpg,Train,aircraft,2410.8,2195.4,2478.38,2288.52
696b9320-7dbe-4c28-bd07-7a73e7a28e64.jpg,Train,aircraft,626.7,2369.1,712.79,2434.86
696b9320-7dbe-4c28-bd07-7a73e7a28e64.jpg,Train,aircraft,1892.6,1120.0,1958.34,1205.01
696b9320-7dbe-4c28-bd07-7a73e7a28e64.jpg,Train,aircraft,2010.8,976.6,2074.97,1026.13
696b9320-7dbe-4c28-bd07-7a73e7a28e64.jpg,Train,aircraft,1544.5,889.6,1668.74,1029.17
696b9320-7dbe-4c28-bd07-7a73e7a28e64.jpg,Train,aircraft,2489.8,1709.6,2560.0,1787.11
696b9320-7dbe-4c28-bd07-7a73e7a28e64.jpg,Train,aircraft,2279.6,1757.7,2353.1,1837.46
696b9320-7dbe-4c28-bd07-7a73e7a28e64.jpg,Train,aircraft,2187.8,1727.2,2262.59,1805.59
696b9320-7dbe-4c28-bd07-7a73e7a28e64.jpg,Train,aircraft,2022.31,1674.43,2092.6,1751.96
72fa2a77-cf8e-44a2-9ab2-f11ca63b4b72.jpg,Train,aircraft,435.3,2300.6,626.13,2473.47
72fa2a77-cf8e-44a2-9ab2-f11ca63b4b72.jpg,Train,aircraft,972.6,1108.5,1143.77,1279.67
72fa2a77-cf8e-44a2-9ab2-f11ca63b4b72.jpg,Train,aircraft,964.4,847.8,1164.09,1061.72
72fa2a77-cf8e-44a2-9ab2-f11ca63b4b72.jpg,Train,aircraft,968.4,569.3,1167.6,786.2
72fa2a77-cf8e-44a2-9ab2-f11ca63b4b72.jpg,Train,aircraft,964.4,353.85,1135.08,518.97
72fa2a77-cf8e-44a2-9ab2-f11ca63b4b72.jpg,Train,aircraft,535.8,595.2,710.65,763.47
72fa2a77-cf8e-44a2-9ab2-f11ca63b4b72.jpg,Train,aircraft,529.9,875.6,720.09,1051.94
72fa2a77-cf8e-44a2-9ab2-f11ca63b4b72.jpg,Train,aircraft,521.0,1385.6,711.08,1559.57
72fa2a77-cf8e-44a2-9ab2-f11ca63b4b72.jpg,Train,aircraft,544.0,1790.8,712.69,1954.37
72fa2a77-cf8e-44a2-9ab2-f11ca63b4b72.jpg,Train,aircraft,5.2,349.9,174.24,516.29
72fa2a77-cf8e-44a2-9ab2-f11ca63b4b72.jpg,Train,aircraft,4.4,1601.2,169.64,1764.37
72fa2a77-cf8e-44a2-9ab2-f11ca63b4b72.jpg,Train,aircraft,6.6,1384.0,157.98,1549.52
72fa2a77-cf8e-44a2-9ab2-f11ca63b4b72.jpg,Train,aircraft,2.83,1794.4,191.59,1969.22
72fa2a77-cf8e-44a2-9ab2-f11ca63b4b72.jpg,Train,aircraft,1483.83,721.3,1654.45,883.9
72fa2a77-cf8e-44a2-9ab2-f11ca63b4b72.jpg,Train,aircraft,1872.7,645.4,2067.16,863.07
72fa2a77-cf8e-44a2-9ab2-f11ca63b4b72.jpg,Train,aircraft,1888.5,911.5,2044.72,1070.41
72fa2a77-cf8e-44a2-9ab2-f11ca63b4b72.jpg,Train,aircraft,1903.52,1378.2,2085.69,1539.92
72fa2a77-cf8e-44a2-9ab2-f11ca63b4b72.jpg,Train,aircraft,2153.6,1473.5,2318.19,1643.22
72fa2a77-cf8e-44a2-9ab2-f11ca63b4b72.jpg,Train,aircraft,1915.1,1579.6,2084.81,1739.06
72fa2a77-cf8e-44a2-9ab2-f11ca63b4b72.jpg,Train,aircraft,1920.2,1783.0,2086.27,1945.37
72fa2a77-cf8e-44a2-9ab2-f11ca63b4b72.jpg,Train,aircraft,1920.9,2029.5,2081.15,2200.69
72fa2a77-cf8e-44a2-9ab2-f11ca63b4b72.jpg,Train,aircraft,1539.4,1434.1,1664.68,1527.26
72fa2a77-cf8e-44a2-9ab2-f11ca63b4b72.jpg,Train,aircraft,967.52,1596.89,1172.95,1761.1
72fa2a77-cf8e-44a2-9ab2-f11ca63b4b72.jpg,Train,aircraft,976.7,1796.7,1150.56,1963.51
72fa2a77-cf8e-44a2-9ab2-f11ca63b4b72.jpg,Train,aircraft,976.8,1998.1,1148.7,2169.53
72fa2a77-cf8e-44a2-9ab2-f11ca63b4b72.jpg,Train,aircraft,970.9,1370.9,1173.5,1547.3
74d335db-bf64-424a-88d7-5c24625c50b1.jpg,Train,aircraft,1948.2,1310.33,2018.27,1365.07
74d335db-bf64-424a-88d7-5c24625c50b1.jpg,Train,aircraft,1335.9,1926.2,1393.4,1983.04
74d335db-bf64-424a-88d7-5c24625c50b1.jpg,Train,aircraft,1886.5,1708.9,1938.8,1763.12
74d335db-bf64-424a-88d7-5c24625c50b1.jpg,Train,aircraft,2028.9,1515.4,2101.63,1571.19
74d335db-bf64-424a-88d7-5c24625c50b1.jpg,Train,aircraft,2002.31,1445.1,2079.86,1502.76
74d335db-bf64-424a-88d7-5c24625c50b1.jpg,Train,aircraft,1973.28,1377.3,2045.23,1432.88
74d335db-bf64-424a-88d7-5c24625c50b1.jpg,Train,aircraft,2329.8,1165.75,2380.87,1232.3
74d335db-bf64-424a-88d7-5c24625c50b1.jpg,Train,aircraft,2167.3,1166.6,2234.67,1221.54
74d335db-bf64-424a-88d7-5c24625c50b1.jpg,Train,aircraft,2251.6,1379.29,2316.08,1433.76
74d335db-bf64-424a-88d7-5c24625c50b1.jpg,Train,aircraft,2279.5,1450.79,2344.85,1504.36
74d335db-bf64-424a-88d7-5c24625c50b1.jpg,Train,aircraft,2306.7,1519.7,2373.01,1576.9
74d335db-bf64-424a-88d7-5c24625c50b1.jpg,Train,aircraft,2334.7,1590.7,2402.56,1646.22
74d335db-bf64-424a-88d7-5c24625c50b1.jpg,Train,aircraft,1510.6,1411.1,1566.19,1479.45
74d335db-bf64-424a-88d7-5c24625c50b1.jpg,Train,aircraft,1020.6,1820.2,1088.02,1874.93
74d335db-bf64-424a-88d7-5c24625c50b1.jpg,Train,aircraft,1199.5,1980.8,1256.0,2040.08
74d335db-bf64-424a-88d7-5c24625c50b1.jpg,Train,aircraft,900.8,2021.1,1009.46,2143.54
74d335db-bf64-424a-88d7-5c24625c50b1.jpg,Train,aircraft,618.8,1758.1,714.79,1859.6
74d335db-bf64-424a-88d7-5c24625c50b1.jpg,Train,aircraft,1112.3,1575.56,1153.29,1641.57
74d335db-bf64-424a-88d7-5c24625c50b1.jpg,Train,aircraft,1180.9,1546.34,1220.61,1615.8
74d335db-bf64-424a-88d7-5c24625c50b1.jpg,Train,aircraft,1247.9,1520.31,1288.45,1588.2
74d335db-bf64-424a-88d7-5c24625c50b1.jpg,Train,aircraft,1768.7,1521.1,1833.35,1574.94
74d335db-bf64-424a-88d7-5c24625c50b1.jpg,Train,aircraft,1644.5,1356.49,1702.54,1425.09
77f7b57f-5cf2-424d-a952-9847b3c3f35e.jpg,Train,aircraft,1121.7,1579.6,1244.94,1689.2
77f7b57f-5cf2-424d-a952-9847b3c3f35e.jpg,Train,aircraft,1265.7,2301.0,1347.05,2355.02
77f7b57f-5cf2-424d-a952-9847b3c3f35e.jpg,Train,aircraft,2202.6,1389.0,2335.68,1523.32
77f7b57f-5cf2-424d-a952-9847b3c3f35e.jpg,Train,aircraft,1977.5,1216.1,2046.74,1284.74
77f7b57f-5cf2-424d-a952-9847b3c3f35e.jpg,Train,aircraft,2048.5,1085.6,2176.33,1233.98
77f7b57f-5cf2-424d-a952-9847b3c3f35e.jpg,Train,aircraft,2186.4,1018.43,2329.5,1158.4
77f7b57f-5cf2-424d-a952-9847b3c3f35e.jpg,Train,aircraft,2218.9,790.97,2299.21,861.92
77f7b57f-5cf2-424d-a952-9847b3c3f35e.jpg,Train,aircraft,1843.03,1907.9,1985.76,2036.05
77f7b57f-5cf2-424d-a952-9847b3c3f35e.jpg,Train,aircraft,1153.1,1880.82,1275.23,1985.73
77f7b57f-5cf2-424d-a952-9847b3c3f35e.jpg,Train,aircraft,1140.1,1739.3,1263.27,1850.12
77f7b57f-5cf2-424d-a952-9847b3c3f35e.jpg,Train,aircraft,1273.9,2368.71,1354.5,2420.71
77f7b57f-5cf2-424d-a952-9847b3c3f35e.jpg,Train,aircraft,1436.9,1475.1,1530.7,1552.41
77f7b57f-5cf2-424d-a952-9847b3c3f35e.jpg,Train,aircraft,637.0,1993.7,773.76,2107.77
77f7b57f-5cf2-424d-a952-9847b3c3f35e.jpg,Train,aircraft,1343.6,1160.9,1494.56,1297.63
77f7b57f-5cf2-424d-a952-9847b3c3f35e.jpg,Train,aircraft,1276.3,988.0,1432.78,1147.14
77f7b57f-5cf2-424d-a952-9847b3c3f35e.jpg,Train,aircraft,1409.4,510.8,1544.44,636.75
77f7b57f-5cf2-424d-a952-9847b3c3f35e.jpg,Train,aircraft,1640.3,244.1,1773.58,368.83
77f7b57f-5cf2-424d-a952-9847b3c3f35e.jpg,Train,aircraft,1815.29,314.2,1977.0,487.51
77f7b57f-5cf2-424d-a952-9847b3c3f35e.jpg,Train,aircraft,592.2,1695.0,699.49,1782.81
77f7b57f-5cf2-424d-a952-9847b3c3f35e.jpg,Train,aircraft,237.6,1746.2,379.45,1875.82
77f7b57f-5cf2-424d-a952-9847b3c3f35e.jpg,Train,aircraft,212.01,1061.29,302.33,1114.54
77f7b57f-5cf2-424d-a952-9847b3c3f35e.jpg,Train,aircraft,760.3,749.1,844.0,821.6
77f7b57f-5cf2-424d-a952-9847b3c3f35e.jpg,Train,aircraft,2115.09,152.6,2195.55,223.35
77f7b57f-5cf2-424d-a952-9847b3c3f35e.jpg,Train,aircraft,2389.66,137.9,2461.1,191.35
77f7b57f-5cf2-424d-a952-9847b3c3f35e.jpg,Train,aircraft,2401.35,44.8,2478.74,105.26
77f7b57f-5cf2-424d-a952-9847b3c3f35e.jpg,Train,aircraft,1463.0,2140.6,1540.07,2191.36
77f7b57f-5cf2-424d-a952-9847b3c3f35e.jpg,Train,aircraft,1468.6,2205.3,1548.73,2256.06
77f7b57f-5cf2-424d-a952-9847b3c3f35e.jpg,Train,aircraft,1481.8,2275.22,1542.51,2322.5
77f7b57f-5cf2-424d-a952-9847b3c3f35e.jpg,Train,aircraft,1493.2,2403.1,1573.61,2455.37
77f7b57f-5cf2-424d-a952-9847b3c3f35e.jpg,Train,aircraft,1503.94,2469.06,1560.18,2513.1
7ab2461e-fad4-4d90-a260-8317bbc4e958.jpg,Train,aircraft,450.7,1022.9,556.04,1107.15
7ab2461e-fad4-4d90-a260-8317bbc4e958.jpg,Train,aircraft,667.2,1117.9,852.98,1277.61
7ab2461e-fad4-4d90-a260-8317bbc4e958.jpg,Train,aircraft,968.8,912.0,1115.19,1075.5
7ab2461e-fad4-4d90-a260-8317bbc4e958.jpg,Train,aircraft,1136.7,1147.6,1311.34,1294.0
7ab2461e-fad4-4d90-a260-8317bbc4e958.jpg,Train,aircraft,1541.4,993.4,1728.22,1153.31
7ab2461e-fad4-4d90-a260-8317bbc4e958.jpg,Train,aircraft,333.52,1151.9,492.03,1299.2
7ab2461e-fad4-4d90-a260-8317bbc4e958.jpg,Train,aircraft,299.6,1327.8,409.53,1412.96
7ab2461e-fad4-4d90-a260-8317bbc4e958.jpg,Train,aircraft,126.2,1499.8,213.4,1610.84
7ab2461e-fad4-4d90-a260-8317bbc4e958.jpg,Train,aircraft,24.1,1539.4,107.73,1644.85
7ab2461e-fad4-4d90-a260-8317bbc4e958.jpg,Train,aircraft,1906.0,690.5,2042.7,825.99
7ab2461e-fad4-4d90-a260-8317bbc4e958.jpg,Train,aircraft,2088.3,771.4,2198.4,901.66
7ab2461e-fad4-4d90-a260-8317bbc4e958.jpg,Train,aircraft,2252.6,820.8,2337.72,912.84
7ab2461e-fad4-4d90-a260-8317bbc4e958.jpg,Train,aircraft,2247.7,444.5,2364.68,579.95
7ab2461e-fad4-4d90-a260-8317bbc4e958.jpg,Train,aircraft,1937.1,310.27,2010.59,386.8
7ab2461e-fad4-4d90-a260-8317bbc4e958.jpg,Train,aircraft,1376.0,300.97,1463.82,390.55
7ab2461e-fad4-4d90-a260-8317bbc4e958.jpg,Train,aircraft,1419.7,510.9,1534.41,596.94
7ab2461e-fad4-4d90-a260-8317bbc4e958.jpg,Train,aircraft,922.73,548.2,1084.95,684.41
7ab2461e-fad4-4d90-a260-8317bbc4e958.jpg,Train,aircraft,309.4,528.3,464.23,719.0
7ab2461e-fad4-4d90-a260-8317bbc4e958.jpg,Train,aircraft,130.5,580.9,298.91,784.03
7ab2461e-fad4-4d90-a260-8317bbc4e958.jpg,Train,aircraft,1035.5,1768.5,1122.39,1864.02
7ab2461e-fad4-4d90-a260-8317bbc4e958.jpg,Train,aircraft,755.4,989.3,838.8,1069.6
7ab2461e-fad4-4d90-a260-8317bbc4e958.jpg,Train,aircraft,515.11,882.3,615.3,964.44
7ab2461e-fad4-4d90-a260-8317bbc4e958.jpg,Train,aircraft,663.0,598.0,750.22,681.6
7ab2461e-fad4-4d90-a260-8317bbc4e958.jpg,Train,aircraft,1090.68,292.9,1197.3,379.84
7ab2461e-fad4-4d90-a260-8317bbc4e958.jpg,Train,aircraft,1007.22,420.8,1108.5,503.71
7ab2461e-fad4-4d90-a260-8317bbc4e958.jpg,Train,aircraft,1226.2,207.3,1339.7,301.14
7c2da441-819f-4ddd-8293-f4be5213d69e.jpg,Train,aircraft,1546.8,1527.7,1695.8,1687.13
7c2da441-819f-4ddd-8293-f4be5213d69e.jpg,Train,aircraft,1742.8,1584.3,1824.34,1677.43
7c2da441-819f-4ddd-8293-f4be5213d69e.jpg,Train,aircraft,486.2,1185.9,598.7,1270.12
7c2da441-819f-4ddd-8293-f4be5213d69e.jpg,Train,aircraft,457.1,1675.6,603.9,1834.15
7c2da441-819f-4ddd-8293-f4be5213d69e.jpg,Train,aircraft,81.1,2054.2,243.31,2203.42
7c2da441-819f-4ddd-8293-f4be5213d69e.jpg,Train,aircraft,906.42,1279.4,1014.28,1362.92
7c2da441-819f-4ddd-8293-f4be5213d69e.jpg,Train,aircraft,764.9,1415.0,928.8,1562.0
7c2da441-819f-4ddd-8293-f4be5213d69e.jpg,Train,aircraft,1950.2,1377.2,2138.1,1588.77
7c2da441-819f-4ddd-8293-f4be5213d69e.jpg,Train,aircraft,2288.2,1451.9,2439.39,1599.43
7c2da441-819f-4ddd-8293-f4be5213d69e.jpg,Train,aircraft,2347.2,1035.02,2515.09,1234.14
7c2da441-819f-4ddd-8293-f4be5213d69e.jpg,Train,aircraft,1551.3,1127.83,1669.85,1265.42
7c2da441-819f-4ddd-8293-f4be5213d69e.jpg,Train,aircraft,1553.4,712.5,1636.85,802.34
7c2da441-819f-4ddd-8293-f4be5213d69e.jpg,Train,aircraft,860.2,1068.97,946.21,1167.87
7c2da441-819f-4ddd-8293-f4be5213d69e.jpg,Train,aircraft,1080.4,1548.6,1276.5,1728.73
7c2da441-819f-4ddd-8293-f4be5213d69e.jpg,Train,aircraft,1029.2,1758.1,1214.97,1917.86
7c2da441-819f-4ddd-8293-f4be5213d69e.jpg,Train,aircraft,951.8,1860.7,1041.71,1982.3
7c2da441-819f-4ddd-8293-f4be5213d69e.jpg,Train,aircraft,612.4,1919.3,800.59,2076.48
8df07836-4606-446e-9880-6ed9e0f74543.jpg,Train,aircraft,585.2,1946.5,717.46,2064.47
8df07836-4606-446e-9880-6ed9e0f74543.jpg,Train,aircraft,709.9,2111.6,840.67,2219.1
8df07836-4606-446e-9880-6ed9e0f74543.jpg,Train,aircraft,798.9,2281.44,951.63,2411.74
8df07836-4606-446e-9880-6ed9e0f74543.jpg,Train,aircraft,927.9,1847.4,1080.5,1982.81
8df07836-4606-446e-9880-6ed9e0f74543.jpg,Train,aircraft,808.5,1680.4,962.89,1813.7
8df07836-4606-446e-9880-6ed9e0f74543.jpg,Train,aircraft,1204.8,1494.3,1359.1,1624.5
8df07836-4606-446e-9880-6ed9e0f74543.jpg,Train,aircraft,684.4,1506.1,864.17,1646.3
8df07836-4606-446e-9880-6ed9e0f74543.jpg,Train,aircraft,1100.7,1343.3,1253.78,1471.48
8df07836-4606-446e-9880-6ed9e0f74543.jpg,Train,aircraft,339.0,1602.8,495.0,1734.34
8df07836-4606-446e-9880-6ed9e0f74543.jpg,Train,aircraft,471.6,1759.4,617.0,1896.96
8df07836-4606-446e-9880-6ed9e0f74543.jpg,Train,aircraft,989.1,1186.4,1141.95,1323.2
8df07836-4606-446e-9880-6ed9e0f74543.jpg,Train,aircraft,499.3,478.4,667.69,669.73
8df07836-4606-446e-9880-6ed9e0f74543.jpg,Train,aircraft,689.6,484.7,864.99,661.69
8df07836-4606-446e-9880-6ed9e0f74543.jpg,Train,aircraft,1022.92,617.1,1174.27,749.97
8df07836-4606-446e-9880-6ed9e0f74543.jpg,Train,aircraft,1132.7,772.9,1275.63,910.87
8df07836-4606-446e-9880-6ed9e0f74543.jpg,Train,aircraft,1052.4,288.1,1144.08,382.43
8df07836-4606-446e-9880-6ed9e0f74543.jpg,Train,aircraft,1726.2,480.1,1900.38,665.43
8df07836-4606-446e-9880-6ed9e0f74543.jpg,Train,aircraft,1511.1,600.4,1667.59,738.4
8df07836-4606-446e-9880-6ed9e0f74543.jpg,Train,aircraft,339.9,846.6,539.6,1015.34
8df07836-4606-446e-9880-6ed9e0f74543.jpg,Train,aircraft,682.4,848.56,840.6,1039.5
8df07836-4606-446e-9880-6ed9e0f74543.jpg,Train,aircraft,869.4,1030.4,1047.0,1169.76
90c365f8-18b6-4230-be74-cd856a1ba98f.jpg,Train,aircraft,571.5,698.8,655.57,764.46
90c365f8-18b6-4230-be74-cd856a1ba98f.jpg,Train,aircraft,456.0,792.3,607.4,919.3
90c365f8-18b6-4230-be74-cd856a1ba98f.jpg,Train,aircraft,154.8,667.5,301.7,804.9
90c365f8-18b6-4230-be74-cd856a1ba98f.jpg,Train,aircraft,393.5,1108.6,481.27,1182.38
90c365f8-18b6-4230-be74-cd856a1ba98f.jpg,Train,aircraft,486.0,1180.3,560.07,1257.9
90c365f8-18b6-4230-be74-cd856a1ba98f.jpg,Train,aircraft,2109.5,628.0,2186.02,737.2
90c365f8-18b6-4230-be74-cd856a1ba98f.jpg,Train,aircraft,2410.1,386.37,2478.45,494.34
90c365f8-18b6-4230-be74-cd856a1ba98f.jpg,Train,aircraft,1717.9,339.9,1811.32,453.35
90c365f8-18b6-4230-be74-cd856a1ba98f.jpg,Train,aircraft,2265.1,2245.3,2331.31,2336.9
90c365f8-18b6-4230-be74-cd856a1ba98f.jpg,Train,aircraft,1900.3,2349.2,1991.11,2457.55
90c365f8-18b6-4230-be74-cd856a1ba98f.jpg,Train,aircraft,1832.4,1505.8,1897.3,1582.75
90c365f8-18b6-4230-be74-cd856a1ba98f.jpg,Train,aircraft,627.4,577.1,712.3,643.78
90c365f8-18b6-4230-be74-cd856a1ba98f.jpg,Train,aircraft,798.7,800.7,947.07,920.7
90c365f8-18b6-4230-be74-cd856a1ba98f.jpg,Train,aircraft,730.8,935.3,875.69,1056.54
90c365f8-18b6-4230-be74-cd856a1ba98f.jpg,Train,aircraft,651.8,1086.84,800.9,1217.2
90c365f8-18b6-4230-be74-cd856a1ba98f.jpg,Train,aircraft,880.4,664.4,1006.41,780.5
980b5831-43b7-4adb-9e4b-67d6cff3ef68.jpg,Train,aircraft,536.9,217.6,588.23,292.2
980b5831-43b7-4adb-9e4b-67d6cff3ef68.jpg,Train,aircraft,751.5,219.3,791.83,279.02
980b5831-43b7-4adb-9e4b-67d6cff3ef68.jpg,Train,aircraft,2167.6,1729.2,2263.66,1797.24
980b5831-43b7-4adb-9e4b-67d6cff3ef68.jpg,Train,aircraft,427.97,1587.2,489.45,1642.17
980b5831-43b7-4adb-9e4b-67d6cff3ef68.jpg,Train,aircraft,166.6,570.3,213.08,640.99
980b5831-43b7-4adb-9e4b-67d6cff3ef68.jpg,Train,aircraft,229.0,977.7,276.08,1052.78
980b5831-43b7-4adb-9e4b-67d6cff3ef68.jpg,Train,aircraft,615.1,225.6,659.6,297.87
980b5831-43b7-4adb-9e4b-67d6cff3ef68.jpg,Train,aircraft,684.8,212.6,731.67,286.9
980b5831-43b7-4adb-9e4b-67d6cff3ef68.jpg,Train,aircraft,2463.6,1584.2,2549.7,1654.8
980b5831-43b7-4adb-9e4b-67d6cff3ef68.jpg,Train,aircraft,168.6,71.1,259.59,145.68
980b5831-43b7-4adb-9e4b-67d6cff3ef68.jpg,Train,aircraft,311.7,2194.7,420.26,2289.32
980b5831-43b7-4adb-9e4b-67d6cff3ef68.jpg,Train,aircraft,304.2,2302.9,430.29,2426.19
980b5831-43b7-4adb-9e4b-67d6cff3ef68.jpg,Train,aircraft,138.5,1054.0,208.15,1102.05
980b5831-43b7-4adb-9e4b-67d6cff3ef68.jpg,Train,aircraft,1793.08,1845.1,1887.68,1913.5
980b5831-43b7-4adb-9e4b-67d6cff3ef68.jpg,Train,aircraft,1726.79,1941.1,1826.05,2049.3
996ba764-cd2a-49c0-9c9f-b166207de0ab.jpg,Train,aircraft,1544.85,1893.8,1636.5,1960.44
996ba764-cd2a-49c0-9c9f-b166207de0ab.jpg,Train,aircraft,699.1,1325.44,753.21,1391.37
996ba764-cd2a-49c0-9c9f-b166207de0ab.jpg,Train,aircraft,692.3,1158.4,757.66,1220.28
996ba764-cd2a-49c0-9c9f-b166207de0ab.jpg,Train,aircraft,934.0,1234.6,1022.37,1306.1
996ba764-cd2a-49c0-9c9f-b166207de0ab.jpg,Train,aircraft,932.4,1138.3,1027.45,1217.88
996ba764-cd2a-49c0-9c9f-b166207de0ab.jpg,Train,aircraft,944.2,1045.1,1040.96,1125.72
996ba764-cd2a-49c0-9c9f-b166207de0ab.jpg,Train,aircraft,935.6,880.47,1023.45,953.38
996ba764-cd2a-49c0-9c9f-b166207de0ab.jpg,Train,aircraft,1547.8,1802.15,1644.52,1868.08
996ba764-cd2a-49c0-9c9f-b166207de0ab.jpg,Train,aircraft,1152.86,1867.2,1246.17,1947.21
996ba764-cd2a-49c0-9c9f-b166207de0ab.jpg,Train,aircraft,1280.7,962.2,1352.97,1032.25
996ba764-cd2a-49c0-9c9f-b166207de0ab.jpg,Train,aircraft,1143.9,1013.8,1240.4,1092.8
996ba764-cd2a-49c0-9c9f-b166207de0ab.jpg,Train,aircraft,1234.6,496.18,1309.82,562.8
996ba764-cd2a-49c0-9c9f-b166207de0ab.jpg,Train,aircraft,2408.2,1026.5,2483.3,1089.14
996ba764-cd2a-49c0-9c9f-b166207de0ab.jpg,Train,aircraft,2042.3,2175.3,2102.01,2260.38
boat0.png,Train,ship,281.7,207.3,332.4,270.2
boat1.png,Train,ship,195.6,136.5,256.4,178.1
boat10.png,Train,ship,326.7,102.9,339.6,122.16
boat10.png,Train,ship,238.32,19.9,246.8,30.3
boat10.png,Train,ship,275.7,33.0,290.2,47.58
boat10.png,Train,ship,242.76,67.42,252.25,80.22
boat10.png,Train,ship,339.02,56.2,348.7,72.15
boat10.png,Train,ship,266.1,116.4,276.9,131.2
boat10.png,Train,ship,340.7,4.4,351.0,20.1
boat10.png,Train,ship,383.9,114.2,392.4,129.0
boat11.png,Train,ship,248.3,217.9,251.3,221.3
boat11.png,Train,ship,158.68,124.33,165.97,134.17
boat12.png,Train,ship,68.88,170.68,208.59,212.04
boat13.png,Train,ship,115.7,134.5,278.67,269.33
boat14.png,Train,ship,150.1,159.3,240.67,231.56
boat15.png,Train,ship,99.6,86.5,159.4,120.7
boat16.png,Train,ship,114.2,106.6,296.8,243.3
boat17.png,Train,ship,81.2,106.6,124.7,158.0
boat18.png,Train,ship,200.3,157.8,232.23,227.22
boat19.png,Train,ship,83.5,82.8,281.0,171.4
boat2.png,Train,ship,217.3,195.1,324.53,297.52
boat20.png,Train,ship,95.9,44.3,166.7,102.8
boat21.png,Train,ship,150.54,114.8,178.27,144.7
boat22.png,Train,ship,74.5,145.9,86.25,153.8
boat23.png,Train,ship,226.4,180.8,416.18,259.6
boat24.png,Train,ship,167.19,169.16,267.9,209.56
boat24.png,Train,ship,159.6,213.9,244.4,249.86
boat25.png,Train,ship,213.9,239.76,295.07,285.49
boat26.png,Train,ship,140.4,99.5,202.5,187.48
boat27.png,Train,ship,229.7,130.7,236.9,136.8
boat28.png,Train,ship,247.84,61.52,277.27,128.02
boat28.png,Train,ship,71.1,133.0,105.7,201.4
boat29.png,Train,ship,216.1,86.5,284.7,302.7
boat3.png,Train,ship,139.1,122.1,253.32,199.89
boat30.png,Train,ship,132.8,133.1,267.61,278.79
boat31.png,Train,ship,78.3,95.6,111.8,179.7
boat32.png,Train,ship,34.6,124.6,84.41,155.2
boat33.png,Train,ship,293.8,173.42,326.0,250.47
boat34.png,Train,ship,203.7,143.31,257.1,247.55
boat35.png,Train,ship,165.76,139.1,189.7,186.7
boat36.png,Train,ship,143.1,70.8,388.1,232.8
boat37.png,Train,ship,59.74,187.09,69.54,199.09
boat37.png,Train,ship,215.96,93.9,223.1,104.7
boat37.png,Train,ship,236.0,81.01,242.7,95.2
boat37.png,Train,ship,100.69,175.8,111.1,185.44
boat37.png,Train,ship,76.64,163.55,86.43,174.06
boat37.png,Train,ship,112.6,94.86,123.87,107.2
boat37.png,Train,ship,136.11,109.98,150.51,116.75
boat37.png,Train,ship,303.28,122.44,310.72,135.76
boat37.png,Train,ship,232.26,108.6,240.66,119.6
boat38.png,Train,ship,160.68,134.26,170.04,142.18
boat39.png,Train,ship,131.6,143.5,210.8,272.6
boat4.png,Train,ship,233.4,230.6,275.2,257.2
boat4.png,Train,ship,182.53,147.48,219.31,174.92
boat5.png,Train,ship,71.7,118.2,141.72,140.6
boat6.png,Train,ship,202.8,136.96,229.7,270.03
boat7.png,Train,ship,276.65,80.42,287.95,86.02
boat7.png,Train,ship,248.0,105.3,260.3,112.4
boat7.png,Train,ship,61.9,212.7,70.2,223.41
boat7.png,Train,ship,189.26,171.57,193.4,180.28
boat7.png,Train,ship,203.77,120.97,213.93,130.51
boat7.png,Train,ship,96.92,93.62,110.31,99.52
boat7.png,Train,ship,77.46,104.28,91.3,110.9
boat7.png,Train,ship,256.61,48.57,271.31,57.07
boat8.png,Train,ship,163.3,160.2,202.7,214.8
boat9.png,Train,ship,196.4,160.3,273.1,217.8
11928d1c-44c7-4d3d-b593-9cdfd5f6f367.jpg,Test,aircraft,2002.8,1842.6,2131.59,1954.08
11928d1c-44c7-4d3d-b593-9cdfd5f6f367.jpg,Test,aircraft,454.0,1015.6,561.6,1135.8
11928d1c-44c7-4d3d-b593-9cdfd5f6f367.jpg,Test,aircraft,622.71,1370.6,681.7,1442.8
11928d1c-44c7-4d3d-b593-9cdfd5f6f367.jpg,Test,aircraft,633.4,1622.1,747.67,1727.25
11928d1c-44c7-4d3d-b593-9cdfd5f6f367.jpg,Test,aircraft,231.5,2170.5,297.8,2231.44
11928d1c-44c7-4d3d-b593-9cdfd5f6f367.jpg,Test,aircraft,430.0,1852.42,490.84,1923.94
11928d1c-44c7-4d3d-b593-9cdfd5f6f367.jpg,Test,aircraft,552.51,2032.4,628.8,2090.4
11928d1c-44c7-4d3d-b593-9cdfd5f6f367.jpg,Test,aircraft,2467.4,1348.5,2530.88,1408.7
11928d1c-44c7-4d3d-b593-9cdfd5f6f367.jpg,Test,aircraft,2237.52,2183.9,2334.36,2286.73
11928d1c-44c7-4d3d-b593-9cdfd5f6f367.jpg,Test,aircraft,2189.61,2313.11,2317.4,2416.7
11928d1c-44c7-4d3d-b593-9cdfd5f6f367.jpg,Test,aircraft,1889.6,2361.0,2002.6,2462.39
11928d1c-44c7-4d3d-b593-9cdfd5f6f367.jpg,Test,aircraft,1335.5,1841.2,1399.2,1902.69
11928d1c-44c7-4d3d-b593-9cdfd5f6f367.jpg,Test,aircraft,1302.7,1533.1,1411.99,1651.2
11928d1c-44c7-4d3d-b593-9cdfd5f6f367.jpg,Test,aircraft,1577.85,1603.7,1687.75,1732.75
11928d1c-44c7-4d3d-b593-9cdfd5f6f367.jpg,Test,aircraft,1705.33,1637.3,1813.03,1766.03
11928d1c-44c7-4d3d-b593-9cdfd5f6f367.jpg,Test,aircraft,1829.7,1673.71,1932.67,1789.6
11928d1c-44c7-4d3d-b593-9cdfd5f6f367.jpg,Test,aircraft,1977.3,1715.05,2031.12,1784.61
11928d1c-44c7-4d3d-b593-9cdfd5f6f367.jpg,Test,aircraft,1708.7,1957.8,1811.97,2086.27
11928d1c-44c7-4d3d-b593-9cdfd5f6f367.jpg,Test,aircraft,1590.3,1905.1,1671.95,1986.46
11928d1c-44c7-4d3d-b593-9cdfd5f6f367.jpg,Test,aircraft,1986.4,1975.9,2099.93,2079.52
12210ad7-83f8-4b54-bb4b-e93f8ff6ac1f.jpg,Test,aircraft,516.5,781.9,634.05,907.76
12210ad7-83f8-4b54-bb4b-e93f8ff6ac1f.jpg,Test,aircraft,1642.8,806.4,1767.14,917.6
12210ad7-83f8-4b54-bb4b-e93f8ff6ac1f.jpg,Test,aircraft,1978.0,1546.0,2103.46,1677.15
12210ad7-83f8-4b54-bb4b-e93f8ff6ac1f.jpg,Test,aircraft,2014.5,1859.8,2143.56,1991.8
12210ad7-83f8-4b54-bb4b-e93f8ff6ac1f.jpg,Test,aircraft,2050.4,2182.5,2186.07,2315.39
12210ad7-83f8-4b54-bb4b-e93f8ff6ac1f.jpg,Test,aircraft,1716.43,2405.5,1803.65,2483.98
12210ad7-83f8-4b54-bb4b-e93f8ff6ac1f.jpg,Test,aircraft,1650.24,1957.3,1747.68,2032.4
12210ad7-83f8-4b54-bb4b-e93f8ff6ac1f.jpg,Test,aircraft,592.4,1996.8,722.99,2134.32
12210ad7-83f8-4b54-bb4b-e93f8ff6ac1f.jpg,Test,aircraft,1625.3,241.5,1715.4,350.74
12210ad7-83f8-4b54-bb4b-e93f8ff6ac1f.jpg,Test,aircraft,1728.6,137.7,1833.0,254.9
12210ad7-83f8-4b54-bb4b-e93f8ff6ac1f.jpg,Test,aircraft,1875.9,69.2,1942.3,147.53
12210ad7-83f8-4b54-bb4b-e93f8ff6ac1f.jpg,Test,aircraft,816.1,1048.7,930.8,1147.91
12210ad7-83f8-4b54-bb4b-e93f8ff6ac1f.jpg,Test,aircraft,970.6,1753.4,1108.45,1884.06
12210ad7-83f8-4b54-bb4b-e93f8ff6ac1f.jpg,Test,aircraft,1051.0,2059.3,1136.33,2135.64
12210ad7-83f8-4b54-bb4b-e93f8ff6ac1f.jpg,Test,aircraft,1037.5,2394.74,1201.67,2536.26
12210ad7-83f8-4b54-bb4b-e93f8ff6ac1f.jpg,Test,aircraft,1536.5,1483.7,1704.53,1636.69
12210ad7-83f8-4b54-bb4b-e93f8ff6ac1f.jpg,Test,aircraft,1528.7,1296.2,1657.65,1429.63
12210ad7-83f8-4b54-bb4b-e93f8ff6ac1f.jpg,Test,aircraft,351.18,707.2,483.4,858.2
12210ad7-83f8-4b54-bb4b-e93f8ff6ac1f.jpg,Test,aircraft,2229.4,1245.4,2385.5,1410.5
12210ad7-83f8-4b54-bb4b-e93f8ff6ac1f.jpg,Test,aircraft,1797.1,629.5,1921.32,766.2
14436c8c-93ec-41af-9fbf-43a5f39f2b98.jpg,Test,aircraft,1175.1,863.51,1283.4,988.08
14436c8c-93ec-41af-9fbf-43a5f39f2b98.jpg,Test,aircraft,513.2,1641.9,572.69,1709.19
14436c8c-93ec-41af-9fbf-43a5f39f2b98.jpg,Test,aircraft,788.4,1754.9,864.2,1812.5
14436c8c-93ec-41af-9fbf-43a5f39f2b98.jpg,Test,aircraft,817.3,1425.4,921.88,1548.45
14436c8c-93ec-41af-9fbf-43a5f39f2b98.jpg,Test,aircraft,473.7,1277.5,570.95,1369.12
14436c8c-93ec-41af-9fbf-43a5f39f2b98.jpg,Test,aircraft,38.3,870.0,137.63,991.92
14436c8c-93ec-41af-9fbf-43a5f39f2b98.jpg,Test,aircraft,1650.64,1579.0,1753.52,1689.4
14436c8c-93ec-41af-9fbf-43a5f39f2b98.jpg,Test,aircraft,1809.7,1546.9,1867.1,1615.07
14436c8c-93ec-41af-9fbf-43a5f39f2b98.jpg,Test,aircraft,1898.5,1491.8,2002.02,1603.75
14436c8c-93ec-41af-9fbf-43a5f39f2b98.jpg,Test,aircraft,2189.3,1385.76,2299.53,1508.5
14436c8c-93ec-41af-9fbf-43a5f39f2b98.jpg,Test,aircraft,2066.6,1433.34,2168.7,1546.33
14436c8c-93ec-41af-9fbf-43a5f39f2b98.jpg,Test,aircraft,1738.4,1944.2,1794.8,2001.6
14436c8c-93ec-41af-9fbf-43a5f39f2b98.jpg,Test,aircraft,1398.0,1794.4,1504.3,1895.73
14436c8c-93ec-41af-9fbf-43a5f39f2b98.jpg,Test,aircraft,2027.7,975.5,2097.42,1038.16
14436c8c-93ec-41af-9fbf-43a5f39f2b98.jpg,Test,aircraft,1397.0,1150.3,1511.18,1257.3
14436c8c-93ec-41af-9fbf-43a5f39f2b98.jpg,Test,aircraft,1185.9,1055.2,1302.71,1166.03
22291e0b-ebe2-4f3f-b53e-4e709179300a.jpg,Test,aircraft,246.0,1500.1,416.42,1695.33
22291e0b-ebe2-4f3f-b53e-4e709179300a.jpg,Test,aircraft,656.1,1348.5,852.34,1543.19
22291e0b-ebe2-4f3f-b53e-4e709179300a.jpg,Test,aircraft,926.6,1251.3,1083.97,1422.62
22291e0b-ebe2-4f3f-b53e-4e709179300a.jpg,Test,aircraft,1320.4,1107.3,1465.76,1265.01
22291e0b-ebe2-4f3f-b53e-4e709179300a.jpg,Test,aircraft,465.6,1432.5,624.12,1611.49
22291e0b-ebe2-4f3f-b53e-4e709179300a.jpg,Test,aircraft,99.5,1580.1,186.55,1689.38
22291e0b-ebe2-4f3f-b53e-4e709179300a.jpg,Test,aircraft,2328.6,723.8,2488.75,913.65
22291e0b-ebe2-4f3f-b53e-4e709179300a.jpg,Test,aircraft,1735.0,1445.9,1824.22,1557.68
22291e0b-ebe2-4f3f-b53e-4e709179300a.jpg,Test,aircraft,962.5,1755.9,1112.1,1918.2
22291e0b-ebe2-4f3f-b53e-4e709179300a.jpg,Test,aircraft,769.2,1839.4,930.36,2000.06
22291e0b-ebe2-4f3f-b53e-4e709179300a.jpg,Test,aircraft,845.6,2276.0,1045.03,2475.4
22291e0b-ebe2-4f3f-b53e-4e709179300a.jpg,Test,aircraft,2226.0,1557.31,2311.56,1645.48
22291e0b-ebe2-4f3f-b53e-4e709179300a.jpg,Test,aircraft,2121.3,1327.1,2242.98,1466.78
22291e0b-ebe2-4f3f-b53e-4e709179300a.jpg,Test,aircraft,1222.4,1713.8,1306.88,1807.98
22291e0b-ebe2-4f3f-b53e-4e709179300a.jpg,Test,aircraft,1982.6,1648.9,2069.62,1754.67
22291e0b-ebe2-4f3f-b53e-4e709179300a.jpg,Test,aircraft,1839.9,1702.5,1924.84,1799.9
22457f2e-a740-4719-9512-056749695281.jpg,Test,aircraft,1852.5,1530.4,2027.35,1691.78
22457f2e-a740-4719-9512-056749695281.jpg,Test,aircraft,476.1,1232.3,626.2,1358.0
22457f2e-a740-4719-9512-056749695281.jpg,Test,aircraft,982.8,1433.5,1122.57,1545.5
22457f2e-a740-4719-9512-056749695281.jpg,Test,aircraft,910.2,1265.8,1075.06,1425.84
22457f2e-a740-4719-9512-056749695281.jpg,Test,aircraft,795.3,956.1,951.08,1081.59
22457f2e-a740-4719-9512-056749695281.jpg,Test,aircraft,1582.4,1005.0,1768.13,1162.8
22457f2e-a740-4719-9512-056749695281.jpg,Test,aircraft,2085.7,763.5,2284.94,924.0
2314c1b5-ec8f-4212-b42f-43365a13fd20.jpg,Test,aircraft,1184.7,1012.0,1313.34,1116.9
2314c1b5-ec8f-4212-b42f-43365a13fd20.jpg,Test,aircraft,906.0,850.8,972.59,909.15
2314c1b5-ec8f-4212-b42f-43365a13fd20.jpg,Test,aircraft,596.2,649.2,725.44,755.86
2314c1b5-ec8f-4212-b42f-43365a13fd20.jpg,Test,aircraft,2256.0,405.6,2352.51,516.82
2314c1b5-ec8f-4212-b42f-43365a13fd20.jpg,Test,aircraft,2058.0,301.6,2187.61,431.94
2314c1b5-ec8f-4212-b42f-43365a13fd20.jpg,Test,aircraft,1730.9,1043.5,1834.24,1150.29
2314c1b5-ec8f-4212-b42f-43365a13fd20.jpg,Test,aircraft,1964.4,2242.3,2067.15,2370.72
2314c1b5-ec8f-4212-b42f-43365a13fd20.jpg,Test,aircraft,2174.3,1622.1,2305.23,1754.07
2314c1b5-ec8f-4212-b42f-43365a13fd20.jpg,Test,aircraft,1930.4,1391.1,2067.87,1526.85
2314c1b5-ec8f-4212-b42f-43365a13fd20.jpg,Test,aircraft,1793.6,1297.4,1891.16,1409.9
2314c1b5-ec8f-4212-b42f-43365a13fd20.jpg,Test,aircraft,1535.1,1239.0,1602.03,1296.41
29324dbf-6043-4521-bd83-44a97ffc5281.jpg,Test,aircraft,624.3,1614.1,748.47,1724.48
29324dbf-6043-4521-bd83-44a97ffc5281.jpg,Test,aircraft,684.98,737.6,794.96,860.18
29324dbf-6043-4521-bd83-44a97ffc5281.jpg,Test,aircraft,872.0,626.2,1002.29,739.83
29324dbf-6043-4521-bd83-44a97ffc5281.jpg,Test,aircraft,897.72,501.4,1012.66,602.81
29324dbf-6043-4521-bd83-44a97ffc5281.jpg,Test,aircraft,625.8,319.8,752.9,431.78
29324dbf-6043-4521-bd83-44a97ffc5281.jpg,Test,aircraft,229.3,1854.6,356.4,1998.67
29324dbf-6043-4521-bd83-44a97ffc5281.jpg,Test,aircraft,520.7,1997.9,650.65,2109.83
29324dbf-6043-4521-bd83-44a97ffc5281.jpg,Test,aircraft,631.6,1774.8,697.74,1835.12
29324dbf-6043-4521-bd83-44a97ffc5281.jpg,Test,aircraft,620.9,1367.1,680.36,1436.98
29324dbf-6043-4521-bd83-44a97ffc5281.jpg,Test,aircraft,521.3,1347.8,578.38,1413.54
29324dbf-6043-4521-bd83-44a97ffc5281.jpg,Test,aircraft,944.54,1579.6,1044.08,1680.11
29324dbf-6043-4521-bd83-44a97ffc5281.jpg,Test,aircraft,869.96,1832.1,997.51,1942.57
29324dbf-6043-4521-bd83-44a97ffc5281.jpg,Test,aircraft,838.41,1959.7,963.8,2070.1
29324dbf-6043-4521-bd83-44a97ffc5281.jpg,Test,aircraft,814.6,2092.0,923.82,2195.8
29324dbf-6043-4521-bd83-44a97ffc5281.jpg,Test,aircraft,1937.54,2099.8,2067.89,2205.27
29324dbf-6043-4521-bd83-44a97ffc5281.jpg,Test,aircraft,1520.5,2134.6,1618.36,2235.78
29324dbf-6043-4521-bd83-44a97ffc5281.jpg,Test,aircraft,1587.0,1901.5,1671.91,1986.43
29324dbf-6043-4521-bd83-44a97ffc5281.jpg,Test,aircraft,1232.4,2050.6,1364.12,2162.19
3463b88d-1e11-4c04-9868-e8c72d510556.jpg,Test,aircraft,1859.3,59.9,1952.17,167.67
3463b88d-1e11-4c04-9868-e8c72d510556.jpg,Test,aircraft,1552.0,949.76,1709.9,1081.52
3463b88d-1e11-4c04-9868-e8c72d510556.jpg,Test,aircraft,1784.5,620.7,1913.25,761.61
3463b88d-1e11-4c04-9868-e8c72d510556.jpg,Test,aircraft,1574.0,1895.2,1666.35,1965.18
3463b88d-1e11-4c04-9868-e8c72d510556.jpg,Test,aircraft,1688.8,2201.6,1773.54,2279.8
3463b88d-1e11-4c04-9868-e8c72d510556.jpg,Test,aircraft,1511.12,66.5,1638.2,166.54
3463b88d-1e11-4c04-9868-e8c72d510556.jpg,Test,aircraft,523.7,1416.6,660.46,1548.78
3463b88d-1e11-4c04-9868-e8c72d510556.jpg,Test,aircraft,747.5,405.0,868.95,530.87
3463b88d-1e11-4c04-9868-e8c72d510556.jpg,Test,aircraft,1374.7,423.8,1457.13,516.0
3463b88d-1e11-4c04-9868-e8c72d510556.jpg,Test,aircraft,2001.04,1860.2,2139.28,1995.19
3463b88d-1e11-4c04-9868-e8c72d510556.jpg,Test,aircraft,1531.2,1490.4,1685.08,1634.51
3463b88d-1e11-4c04-9868-e8c72d510556.jpg,Test,aircraft,1714.15,1106.0,1849.16,1213.1
3463b88d-1e11-4c04-9868-e8c72d510556.jpg,Test,aircraft,640.1,2276.0,736.07,2356.42
6627e7c7-2fdd-4f3c-965e-b4d73d0a4cc2.jpg,Test,aircraft,1334.1,945.09,1408.0,1037.04
6627e7c7-2fdd-4f3c-965e-b4d73d0a4cc2.jpg,Test,aircraft,861.57,684.2,920.69,730.73
6627e7c7-2fdd-4f3c-965e-b4d73d0a4cc2.jpg,Test,aircraft,362.69,1115.3,446.42,1173.25
6627e7c7-2fdd-4f3c-965e-b4d73d0a4cc2.jpg,Test,aircraft,604.1,1096.0,681.72,1155.58
6627e7c7-2fdd-4f3c-965e-b4d73d0a4cc2.jpg,Test,aircraft,2094.6,1177.3,2176.49,1276.91
6627e7c7-2fdd-4f3c-965e-b4d73d0a4cc2.jpg,Test,aircraft,2203.58,683.1,2234.38,713.49
6627e7c7-2fdd-4f3c-965e-b4d73d0a4cc2.jpg,Test,aircraft,116.6,600.5,206.01,668.5
6627e7c7-2fdd-4f3c-965e-b4d73d0a4cc2.jpg,Test,aircraft,1619.8,647.3,1743.8,757.08
6627e7c7-2fdd-4f3c-965e-b4d73d0a4cc2.jpg,Test,aircraft,595.1,1656.8,674.73,1728.17
6627e7c7-2fdd-4f3c-965e-b4d73d0a4cc2.jpg,Test,aircraft,1879.8,1823.5,1955.85,1890.33
6627e7c7-2fdd-4f3c-965e-b4d73d0a4cc2.jpg,Test,aircraft,862.7,1865.3,921.23,1938.88
6627e7c7-2fdd-4f3c-965e-b4d73d0a4cc2.jpg,Test,aircraft,354.5,1739.1,421.9,1811.1
6627e7c7-2fdd-4f3c-965e-b4d73d0a4cc2.jpg,Test,aircraft,372.44,1658.5,449.06,1727.72
6627e7c7-2fdd-4f3c-965e-b4d73d0a4cc2.jpg,Test,aircraft,1004.96,1525.5,1058.6,1564.68
7635d63c-6b97-4c9c-a7dc-27773d42ed4c.jpg,Test,aircraft,1735.7,418.2,1895.24,597.13
7635d63c-6b97-4c9c-a7dc-27773d42ed4c.jpg,Test,aircraft,400.6,2356.4,525.57,2499.02
7635d63c-6b97-4c9c-a7dc-27773d42ed4c.jpg,Test,aircraft,1156.6,1805.0,1326.02,1952.36
7635d63c-6b97-4c9c-a7dc-27773d42ed4c.jpg,Test,aircraft,2103.42,273.68,2251.62,438.11
7635d63c-6b97-4c9c-a7dc-27773d42ed4c.jpg,Test,aircraft,1926.6,329.39,2092.1,526.27
7635d63c-6b97-4c9c-a7dc-27773d42ed4c.jpg,Test,aircraft,2124.23,895.96,2284.2,1044.3
7635d63c-6b97-4c9c-a7dc-27773d42ed4c.jpg,Test,aircraft,1521.7,497.5,1670.46,662.89
7635d63c-6b97-4c9c-a7dc-27773d42ed4c.jpg,Test,aircraft,1307.9,576.79,1468.0,755.82
7635d63c-6b97-4c9c-a7dc-27773d42ed4c.jpg,Test,aircraft,1085.6,643.3,1258.68,839.66
7635d63c-6b97-4c9c-a7dc-27773d42ed4c.jpg,Test,aircraft,470.0,318.6,615.52,506.8
7635d63c-6b97-4c9c-a7dc-27773d42ed4c.jpg,Test,aircraft,890.3,714.7,1058.01,912.68
7635d63c-6b97-4c9c-a7dc-27773d42ed4c.jpg,Test,aircraft,1882.7,957.6,1966.99,1051.15
boat40.png,Test,ship,158.2,124.7,267.6,227.7
boat41.png,Test,ship,66.88,193.4,95.75,205.4
boat41.png,Test,ship,62.1,61.6,94.43,68.1
boat41.png,Test,ship,288.87,80.2,325.69,87.1
boat42.png,Test,ship,335.12,56.12,350.36,70.16
boat42.png,Test,ship,218.1,91.0,226.7,101.0
boat42.png,Test,ship,388.26,24.94,395.82,33.84
boat42.png,Test,ship,355.86,38.02,362.1,46.68
boat42.png,Test,ship,346.02,17.88,356.46,27.84
boat42.png,Test,ship,323.46,23.14,335.82,32.52
boat42.png,Test,ship,205.65,20.75,214.85,28.25
boat42.png,Test,ship,255.2,58.28,263.48,68.12
boat42.png,Test,ship,238.3,184.03,244.4,196.63
boat42.png,Test,ship,28.6,41.5,37.0,49.0
boat42.png,Test,ship,384.44,84.46,389.82,91.68
boat42.png,Test,ship,103.0,75.9,110.9,82.5
boat43.png,Test,ship,222.05,111.61,260.4,240.71
boat44.png,Test,ship,222.85,223.7,304.5,251.25
boat45.png,Test,ship,166.9,133.1,254.5,200.8
boat46.png,Test,ship,154.29,139.27,161.89,148.97
boat47.png,Test,ship,175.19,133.07,219.51,180.78
boat48.png,Test,ship,89.4,72.2,146.7,244.1
boat49.png,Test,ship,135.1,139.9,284.29,266.5
